actual,city,contract_type,disagreement_bucket,eligibility_class,event_date,event_key,lead_time_bucket,market_bucket,market_prob,market_ticker,model_prob,partition,probability_bucket,profit_loss,stake,station_bucket,strategy_version,trade_id,uncertainty_bucket
0.0,Denver,range,20pp+,UNCLASSIFIED,2026-08-04,Denver|2026-08-04|high,0-1d,<0.20,0.01,KXHIGHDEN-26AUG03-B101.5,0.999,development,90-100%,-10.0,10.0,Denver|station_verified=True,v3.0,1,6F+
0.0,Denver,threshold,20pp+,UNCLASSIFIED,2026-08-04,Denver|2026-08-04|high,0-1d,<0.20,0.01,KXHIGHDEN-26AUG03-T95,0.999,development,90-100%,-10.0,10.0,Denver|station_verified=True,v3.0,2,6F+
1.0,Denver,range,10-19pp,UNCLASSIFIED,2026-08-05,Denver|2026-08-05|high,0-1d,0.80-1.00,0.8,KXHIGHDEN-26AUG04-B75.5,0.9934,development,90-100%,2.5,10.0,Denver|station_verified=True,v3.0,3,6F+
1.0,Denver,range,20pp+,UNCLASSIFIED,2026-08-05,Denver|2026-08-05|high,0-1d,0.60-0.79,0.65,KXHIGHDEN-26AUG04-B77.5,0.9872,development,90-100%,5.384615,10.0,Denver|station_verified=True,v3.0,4,6F+
1.0,Denver,range,20pp+,UNCLASSIFIED,2026-08-05,Denver|2026-08-05|high,0-1d,0.60-0.79,0.74,KXHIGHDEN-26AUG04-B79.5,0.9778,development,90-100%,3.513514,10.0,Denver|station_verified=True,v3.0,5,6F+
0.0,Denver,threshold,20pp+,UNCLASSIFIED,2026-08-05,Denver|2026-08-05|high,0-1d,<0.20,0.03,KXHIGHDEN-26AUG04-T82,0.856939,development,80-89%,-10.0,10.0,Denver|station_verified=True,v3.0,6,6F+
0.0,Miami,range,20pp+,UNCLASSIFIED,2026-08-04,Miami|2026-08-04|high,0-1d,<0.20,0.01,KXHIGHMIA-26AUG03-B92.5,0.9597,development,90-100%,-10.0,10.0,Miami|station_verified=True,v3.0,7,6F+
0.0,Miami,threshold,20pp+,UNCLASSIFIED,2026-08-04,Miami|2026-08-04|high,0-1d,<0.20,0.01,KXHIGHMIA-26AUG03-T88,0.533207,development,50-59%,-10.0,10.0,Miami|station_verified=True,v3.0,8,6F+
1.0,Miami,range,20pp+,UNCLASSIFIED,2026-08-05,Miami|2026-08-05|high,0-1d,0.40-0.59,0.53,KXHIGHMIA-26AUG04-B90.5,0.9359,development,90-100%,8.867925,10.0,Miami|station_verified=True,v3.0,9,6F+
0.0,Miami,range,20pp+,UNCLASSIFIED,2026-08-05,Miami|2026-08-05|high,0-1d,0.60-0.79,0.62,KXHIGHMIA-26AUG04-B92.5,0.9337,development,90-100%,-10.0,10.0,Miami|station_verified=True,v3.0,10,6F+
0.0,Miami,threshold,10-19pp,UNCLASSIFIED,2026-08-05,Miami|2026-08-05|high,0-1d,<0.20,0.01,KXHIGHMIA-26AUG04-T86,0.118339,development,10-19%,-10.0,10.0,Miami|station_verified=True,v3.0,11,6F+
0.0,Miami,threshold,20pp+,UNCLASSIFIED,2026-08-05,Miami|2026-08-05|high,0-1d,<0.20,0.05,KXHIGHMIA-26AUG04-T93,0.375748,development,30-39%,-10.0,10.0,Miami|station_verified=True,v3.0,12,6F+
0.0,Dallas,range,20pp+,UNCLASSIFIED,2026-08-04,Dallas|2026-08-04|high,0-1d,<0.20,0.01,KXHIGHTDAL-26AUG03-B100.5,0.9336,development,90-100%,-10.0,10.0,Dallas|station_verified=True,v3.0,13,6F+
0.0,Dallas,threshold,20pp+,UNCLASSIFIED,2026-08-04,Dallas|2026-08-04|high,0-1d,<0.20,0.01,KXHIGHTDAL-26AUG03-T105,0.226627,development,20-29%,-10.0,10.0,Dallas|station_verified=True,v3.0,14,6F+
0.0,Dallas,threshold,20pp+,UNCLASSIFIED,2026-08-04,Dallas|2026-08-04|high,0-1d,<0.20,0.01,KXHIGHTDAL-26AUG03-T98,0.338461,development,30-39%,-10.0,10.0,Dallas|station_verified=True,v3.0,15,6F+
0.0,Dallas,range,20pp+,UNCLASSIFIED,2026-08-05,Dallas|2026-08-05|high,0-1d,0.40-0.59,0.44,KXHIGHTDAL-26AUG04-B100.5,0.959,development,90-100%,-10.0,10.0,Dallas|station_verified=True,v3.0,16,6F+
1.0,Dallas,range,20pp+,UNCLASSIFIED,2026-08-05,Dallas|2026-08-05|high,0-1d,0.60-0.79,0.7,KXHIGHTDAL-26AUG04-B102.5,0.9462,development,90-100%,4.285714,10.0,Dallas|station_verified=True,v3.0,17,6F+
0.0,Dallas,threshold,20pp+,UNCLASSIFIED,2026-08-05,Dallas|2026-08-05|high,0-1d,<0.20,0.01,KXHIGHTDAL-26AUG04-T107,0.460172,development,40-49%,-10.0,10.0,Dallas|station_verified=True,v3.0,18,6F+
0.0,Minneapolis,range,20pp+,UNCLASSIFIED,2026-08-04,Minneapolis|2026-08-04|high,0-1d,<0.20,0.01,KXHIGHTMIN-26AUG03-B85.5,0.9784,development,90-100%,-10.0,10.0,Minneapolis|station_verified=True,v3.0,19,6F+
0.0,Minneapolis,threshold,20pp+,UNCLASSIFIED,2026-08-04,Minneapolis|2026-08-04|high,0-1d,<0.20,0.01,KXHIGHTMIN-26AUG03-T83,0.86067,development,80-89%,-10.0,10.0,Minneapolis|station_verified=True,v3.0,20,6F+
0.0,Minneapolis,range,20pp+,UNCLASSIFIED,2026-08-05,Minneapolis|2026-08-05|high,0-1d,0.40-0.59,0.57,KXHIGHTMIN-26AUG04-B76.5,0.9824,development,90-100%,-10.0,10.0,Minneapolis|station_verified=True,v3.0,21,6F+
1.0,Minneapolis,range,20pp+,UNCLASSIFIED,2026-08-05,Minneapolis|2026-08-05|high,0-1d,0.60-0.79,0.67,KXHIGHTMIN-26AUG04-B78.5,0.9714,development,90-100%,4.925373,10.0,Minneapolis|station_verified=True,v3.0,22,6F+
1.0,Minneapolis,threshold,10-19pp,UNCLASSIFIED,2026-08-05,Minneapolis|2026-08-05|high,0-1d,0.80-1.00,0.8,KXHIGHTMIN-26AUG04-T76,0.957,development,90-100%,2.5,10.0,Minneapolis|station_verified=True,v3.0,23,6F+
0.0,Minneapolis,threshold,20pp+,UNCLASSIFIED,2026-08-05,Minneapolis|2026-08-05|high,0-1d,<0.20,0.02,KXHIGHTMIN-26AUG04-T83,0.70884,development,70-79%,-10.0,10.0,Minneapolis|station_verified=True,v3.0,24,6F+
0.0,Dallas,range,20pp+,UNCLASSIFIED,2026-08-04,Dallas|2026-08-04|low,0-1d,<0.20,0.04,KXLOWTDAL-26AUG03-B73.5,0.9486,development,90-100%,-10.0,10.0,Dallas|station_verified=True,v3.0,25,6F+
0.0,Dallas,threshold,20pp+,UNCLASSIFIED,2026-08-04,Dallas|2026-08-04|low,0-1d,<0.20,0.01,KXLOWTDAL-26AUG03-T76,0.617911,development,60-69%,-10.0,10.0,Dallas|station_verified=True,v3.0,26,6F+
1.0,Dallas,range,20pp+,UNCLASSIFIED,2026-08-05,Dallas|2026-08-05|low,0-1d,0.60-0.79,0.64,KXLOWTDAL-26AUG04-B77.5,0.9356,development,90-100%,5.625,10.0,Dallas|station_verified=True,v3.0,27,6F+
0.0,Dallas,range,20pp+,UNCLASSIFIED,2026-08-05,Dallas|2026-08-05|low,0-1d,0.40-0.59,0.57,KXLOWTDAL-26AUG04-B79.5,0.9338,development,90-100%,-10.0,10.0,Dallas|station_verified=True,v3.0,28,6F+
0.0,Dallas,threshold,10-19pp,UNCLASSIFIED,2026-08-05,Dallas|2026-08-05|low,0-1d,<0.20,0.03,KXLOWTDAL-26AUG04-T73,0.158655,development,10-19%,-10.0,10.0,Dallas|station_verified=True,v3.0,29,6F+
0.0,Dallas,threshold,20pp+,UNCLASSIFIED,2026-08-05,Dallas|2026-08-05|low,0-1d,<0.20,0.07,KXLOWTDAL-26AUG04-T80,0.433816,development,40-49%,-10.0,10.0,Dallas|station_verified=True,v3.0,30,6F+
1.0,Denver,range,10-19pp,UNCLASSIFIED,2026-08-04,Denver|2026-08-04|low,0-1d,0.80-1.00,0.85,KXLOWTDEN-26AUG03-B66.5,0.9762,development,90-100%,1.764706,10.0,Denver|station_verified=True,v3.0,31,6F+
1.0,Denver,range,20pp+,UNCLASSIFIED,2026-08-04,Denver|2026-08-04|low,0-1d,0.60-0.79,0.72,KXLOWTDEN-26AUG03-B68.5,0.986,development,90-100%,3.888889,10.0,Denver|station_verified=True,v3.0,32,6F+
1.0,Denver,range,20pp+,UNCLASSIFIED,2026-08-04,Denver|2026-08-04|low,0-1d,0.60-0.79,0.7,KXLOWTDEN-26AUG03-B70.5,0.9926,development,90-100%,4.285714,10.0,Denver|station_verified=True,v3.0,33,6F+
0.0,Denver,threshold,20pp+,UNCLASSIFIED,2026-08-04,Denver|2026-08-04|low,0-1d,<0.20,0.06,KXLOWTDEN-26AUG03-T64,0.845344,development,80-89%,-10.0,10.0,Denver|station_verified=True,v3.0,34,6F+
1.0,Denver,range,10-19pp,UNCLASSIFIED,2026-08-05,Denver|2026-08-05|low,0-1d,0.60-0.79,0.77,KXLOWTDEN-26AUG04-B56.5,0.9637,development,90-100%,2.987013,10.0,Denver|station_verified=True,v3.0,35,6F+
1.0,Denver,range,20pp+,UNCLASSIFIED,2026-08-05,Denver|2026-08-05|low,0-1d,0.60-0.79,0.74,KXLOWTDEN-26AUG04-B58.5,0.9762,development,90-100%,3.513514,10.0,Denver|station_verified=True,v3.0,36,6F+
1.0,Denver,range,10-19pp,UNCLASSIFIED,2026-08-05,Denver|2026-08-05|low,0-1d,0.80-1.00,0.84,KXLOWTDEN-26AUG04-B60.5,0.986,development,90-100%,1.904762,10.0,Denver|station_verified=True,v3.0,37,6F+
1.0,Denver,threshold,20pp+,UNCLASSIFIED,2026-08-05,Denver|2026-08-05|low,0-1d,0.20-0.39,0.22,KXLOWTDEN-26AUG04-T56,0.845344,development,80-89%,35.454545,10.0,Denver|station_verified=True,v3.0,38,6F+
0.0,Houston,range,20pp+,UNCLASSIFIED,2026-08-04,Houston|2026-08-04|low,0-1d,<0.20,0.04,KXLOWTHOU-26AUG03-B77.5,0.9337,development,90-100%,-10.0,10.0,Houston|station_verified=True,v3.0,39,6F+
0.0,Houston,threshold,10-19pp,UNCLASSIFIED,2026-08-04,Houston|2026-08-04|low,0-1d,<0.20,0.01,KXLOWTHOU-26AUG03-T71,0.128537,development,10-19%,-10.0,10.0,Houston|station_verified=True,v3.0,40,6F+
0.0,Houston,threshold,20pp+,UNCLASSIFIED,2026-08-04,Houston|2026-08-04|low,0-1d,<0.20,0.01,KXLOWTHOU-26AUG03-T78,0.486704,development,40-49%,-10.0,10.0,Houston|station_verified=True,v3.0,41,6F+
1.0,Houston,range,20pp+,UNCLASSIFIED,2026-08-05,Houston|2026-08-05|low,0-1d,0.60-0.79,0.64,KXLOWTHOU-26AUG04-B76.5,0.9336,development,90-100%,5.625,10.0,Houston|station_verified=True,v3.0,42,6F+
0.0,Houston,range,20pp+,UNCLASSIFIED,2026-08-05,Houston|2026-08-05|low,0-1d,0.40-0.59,0.57,KXLOWTHOU-26AUG04-B78.5,0.9368,development,90-100%,-10.0,10.0,Houston|station_verified=True,v3.0,43,6F+
0.0,Houston,threshold,20pp+,UNCLASSIFIED,2026-08-05,Houston|2026-08-05|low,0-1d,<0.20,0.02,KXLOWTHOU-26AUG04-T72,0.22164,development,20-29%,-10.0,10.0,Houston|station_verified=True,v3.0,44,6F+
0.0,Houston,threshold,20pp+,UNCLASSIFIED,2026-08-05,Houston|2026-08-05|low,0-1d,<0.20,0.08,KXLOWTHOU-26AUG04-T79,0.344578,development,30-39%,-10.0,10.0,Houston|station_verified=True,v3.0,45,6F+
0.0,Los Angeles,range,20pp+,UNCLASSIFIED,2026-08-04,Los Angeles|2026-08-04|low,0-1d,<0.20,0.08,KXLOWTLAX-26AUG03-B67.5,0.9395,development,90-100%,-10.0,10.0,Los Angeles|station_verified=True,v3.0,46,6F+
0.0,Los Angeles,threshold,20pp+,UNCLASSIFIED,2026-08-04,Los Angeles|2026-08-04|low,0-1d,<0.20,0.01,KXLOWTLAX-26AUG03-T61,0.257846,development,20-29%,-10.0,10.0,Los Angeles|station_verified=True,v3.0,47,6F+
0.0,Los Angeles,threshold,20pp+,UNCLASSIFIED,2026-08-04,Los Angeles|2026-08-04|low,0-1d,<0.20,0.01,KXLOWTLAX-26AUG03-T68,0.302694,development,30-39%,-10.0,10.0,Los Angeles|station_verified=True,v3.0,48,6F+
1.0,Los Angeles,range,10-19pp,UNCLASSIFIED,2026-08-05,Los Angeles|2026-08-05|low,0-1d,0.80-1.00,0.82,KXLOWTLAX-26AUG04-B65.5,0.9387,development,90-100%,2.195122,10.0,Los Angeles|station_verified=True,v3.0,49,6F+
0.0,Los Angeles,range,20pp+,UNCLASSIFIED,2026-08-05,Los Angeles|2026-08-05|low,0-1d,0.20-0.39,0.32,KXLOWTLAX-26AUG04-B67.5,0.9492,development,90-100%,-10.0,10.0,Los Angeles|station_verified=True,v3.0,50,6F+
0.0,Los Angeles,threshold,20pp+,UNCLASSIFIED,2026-08-05,Los Angeles|2026-08-05|low,0-1d,<0.20,0.01,KXLOWTLAX-26AUG04-T63,0.493351,development,40-49%,-10.0,10.0,Los Angeles|station_verified=True,v3.0,51,6F+
0.0,New York City,range,20pp+,UNCLASSIFIED,2026-08-04,New York City|2026-08-04|low,0-1d,0.20-0.39,0.38,KXLOWTNYC-26AUG03-B70.5,0.9563,development,90-100%,-10.0,10.0,New York City|station_verified=True,v3.0,52,6F+
1.0,New York City,range,20pp+,UNCLASSIFIED,2026-08-04,New York City|2026-08-04|low,0-1d,0.60-0.79,0.63,KXLOWTNYC-26AUG03-B72.5,0.9695,development,90-100%,5.873016,10.0,New York City|station_verified=True,v3.0,53,6F+
0.0,New York City,threshold,20pp+,UNCLASSIFIED,2026-08-04,New York City|2026-08-04|low,0-1d,<0.20,0.01,KXLOWTNYC-26AUG03-T68,0.691462,development,60-69%,-10.0,10.0,New York City|station_verified=True,v3.0,54,6F+
1.0,New York City,range,10-19pp,UNCLASSIFIED,2026-08-05,New York City|2026-08-05|low,0-1d,0.60-0.79,0.75,KXLOWTNYC-26AUG04-B64.5,0.9336,development,90-100%,3.333333,10.0,New York City|station_verified=True,v3.0,55,6F+
0.0,New York City,range,20pp+,UNCLASSIFIED,2026-08-05,New York City|2026-08-05|low,0-1d,0.60-0.79,0.65,KXLOWTNYC-26AUG04-B66.5,0.9379,development,90-100%,-10.0,10.0,New York City|station_verified=True,v3.0,56,6F+
1.0,New York City,range,10-19pp,UNCLASSIFIED,2026-08-05,New York City|2026-08-05|low,0-1d,0.60-0.79,0.76,KXLOWTNYC-26AUG04-B68.5,0.948,development,90-100%,3.157895,10.0,New York City|station_verified=True,v3.0,57,6F+
0.0,New York City,threshold,20pp+,UNCLASSIFIED,2026-08-05,New York City|2026-08-05|low,0-1d,<0.20,0.01,KXLOWTNYC-26AUG04-T62,0.350736,development,30-39%,-10.0,10.0,New York City|station_verified=True,v3.0,58,6F+
0.0,New York City,threshold,10-19pp,UNCLASSIFIED,2026-08-05,New York City|2026-08-05|low,0-1d,<0.20,0.05,KXLOWTNYC-26AUG04-T69,0.216716,development,20-29%,-10.0,10.0,New York City|station_verified=True,v3.0,59,6F+
0.0,Oklahoma City,range,20pp+,UNCLASSIFIED,2026-08-04,Oklahoma City|2026-08-04|low,0-1d,<0.20,0.01,KXLOWTOKC-26AUG03-B65.5,0.9789,development,90-100%,-10.0,10.0,Oklahoma City|station_verified=True,v3.0,60,6F+
0.0,Oklahoma City,threshold,20pp+,UNCLASSIFIED,2026-08-04,Oklahoma City|2026-08-04|low,0-1d,<0.20,0.01,KXLOWTOKC-26AUG03-T70,0.77836,development,70-79%,-10.0,10.0,Oklahoma City|station_verified=True,v3.0,61,6F+
1.0,Oklahoma City,range,20pp+,UNCLASSIFIED,2026-08-05,Oklahoma City|2026-08-05|low,0-1d,0.60-0.79,0.74,KXLOWTOKC-26AUG04-B68.5,0.9762,development,90-100%,3.513514,10.0,Oklahoma City|station_verified=True,v3.0,62,6F+
1.0,Oklahoma City,range,20pp+,UNCLASSIFIED,2026-08-05,Oklahoma City|2026-08-05|low,0-1d,0.60-0.79,0.71,KXLOWTOKC-26AUG04-B70.5,0.9637,development,90-100%,4.084507,10.0,Oklahoma City|station_verified=True,v3.0,63,6F+
0.0,Oklahoma City,range,10-19pp,UNCLASSIFIED,2026-08-05,Oklahoma City|2026-08-05|low,0-1d,0.80-1.00,0.85,KXLOWTOKC-26AUG04-B72.5,0.9505,development,90-100%,-10.0,10.0,Oklahoma City|station_verified=True,v3.0,64,6F+
0.0,Oklahoma City,threshold,20pp+,UNCLASSIFIED,2026-08-05,Oklahoma City|2026-08-05|low,0-1d,<0.20,0.1,KXLOWTOKC-26AUG04-T73,0.752802,development,70-79%,-10.0,10.0,Oklahoma City|station_verified=True,v3.0,65,6F+
0.0,Denver,threshold,10-19pp,UNCLASSIFIED,2026-08-05,Denver|2026-08-05|high,0-1d,0.80-1.00,0.87,KXHIGHDEN-26AUG04-T75,0.9734,development,90-100%,-10.0,10.0,Denver|station_verified=True,v3.0,66,6F+
0.0,Dallas,threshold,20pp+,UNCLASSIFIED,2026-08-05,Dallas|2026-08-05|high,0-1d,<0.20,0.09,KXHIGHTDAL-26AUG04-T100,0.320369,development,30-39%,-10.0,10.0,Dallas|station_verified=True,v3.0,67,6F+
1.0,Miami,range,10-19pp,UNCLASSIFIED,2026-08-06,Miami|2026-08-06|high,2-3d,0.80-1.00,0.81,KXHIGHMIA-26AUG05-B86.5,0.9543,development,90-100%,2.345679,10.0,Miami|station_verified=True,v3.0,68,6F+
1.0,Miami,range,20pp+,UNCLASSIFIED,2026-08-06,Miami|2026-08-06|high,2-3d,0.60-0.79,0.61,KXHIGHMIA-26AUG05-B88.5,0.9424,development,90-100%,6.393443,10.0,Miami|station_verified=True,v3.0,69,6F+
0.0,Miami,range,10-19pp,UNCLASSIFIED,2026-08-06,Miami|2026-08-06|high,2-3d,0.60-0.79,0.77,KXHIGHMIA-26AUG05-B90.5,0.9349,development,90-100%,-10.0,10.0,Miami|station_verified=True,v3.0,70,6F+
0.0,Miami,threshold,20pp+,UNCLASSIFIED,2026-08-06,Miami|2026-08-06|high,2-3d,<0.20,0.02,KXHIGHMIA-26AUG05-T93,0.350736,development,30-39%,-10.0,10.0,Miami|station_verified=True,v3.0,71,6F+
0.0,Dallas,range,20pp+,UNCLASSIFIED,2026-08-06,Dallas|2026-08-06|high,2-3d,0.40-0.59,0.59,KXHIGHTDAL-26AUG05-B101.5,0.9368,development,90-100%,-10.0,10.0,Dallas|station_verified=True,v3.0,72,6F+
1.0,Dallas,range,20pp+,UNCLASSIFIED,2026-08-06,Dallas|2026-08-06|high,2-3d,0.40-0.59,0.55,KXHIGHTDAL-26AUG05-B99.5,0.9462,development,90-100%,8.181818,10.0,Dallas|station_verified=True,v3.0,73,6F+
0.0,Dallas,threshold,20pp+,UNCLASSIFIED,2026-08-06,Dallas|2026-08-06|high,2-3d,<0.20,0.02,KXHIGHTDAL-26AUG05-T106,0.332386,development,30-39%,-10.0,10.0,Dallas|station_verified=True,v3.0,74,6F+
0.0,Dallas,threshold,20pp+,UNCLASSIFIED,2026-08-06,Dallas|2026-08-06|high,2-3d,<0.20,0.03,KXHIGHTDAL-26AUG05-T99,0.231678,development,20-29%,-10.0,10.0,Dallas|station_verified=True,v3.0,75,6F+
0.0,Minneapolis,range,20pp+,UNCLASSIFIED,2026-08-06,Minneapolis|2026-08-06|high,2-3d,0.60-0.79,0.7,KXHIGHTMIN-26AUG05-B79.5,0.9856,development,90-100%,-10.0,10.0,Minneapolis|station_verified=True,v3.0,76,6F+
1.0,Minneapolis,range,20pp+,UNCLASSIFIED,2026-08-06,Minneapolis|2026-08-06|high,2-3d,0.60-0.79,0.6,KXHIGHTMIN-26AUG05-B81.5,0.9756,development,90-100%,6.666667,10.0,Minneapolis|station_verified=True,v3.0,77,6F+
0.0,Minneapolis,threshold,20pp+,UNCLASSIFIED,2026-08-06,Minneapolis|2026-08-06|high,2-3d,0.20-0.39,0.22,KXHIGHTMIN-26AUG05-T82,0.908789,development,90-100%,-10.0,10.0,Minneapolis|station_verified=True,v3.0,78,6F+
1.0,Dallas,range,20pp+,UNCLASSIFIED,2026-08-06,Dallas|2026-08-06|low,2-3d,0.60-0.79,0.63,KXLOWTDAL-26AUG05-B79.5,0.9391,development,90-100%,5.873016,10.0,Dallas|station_verified=True,v3.0,79,6F+
0.0,Dallas,range,20pp+,UNCLASSIFIED,2026-08-06,Dallas|2026-08-06|low,2-3d,0.60-0.79,0.62,KXLOWTDAL-26AUG05-B81.5,0.9338,development,90-100%,-10.0,10.0,Dallas|station_verified=True,v3.0,80,6F+
0.0,Dallas,threshold,20pp+,UNCLASSIFIED,2026-08-06,Dallas|2026-08-06|low,2-3d,<0.20,0.11,KXLOWTDAL-26AUG05-T82,0.5,development,50-59%,-10.0,10.0,Dallas|station_verified=True,v3.0,81,6F+
1.0,Denver,range,20pp+,UNCLASSIFIED,2026-08-06,Denver|2026-08-06|low,2-3d,0.60-0.79,0.7,KXLOWTDEN-26AUG05-B53.5,0.9563,development,90-100%,4.285714,10.0,Denver|station_verified=True,v3.0,82,6F+
1.0,Denver,range,10-19pp,UNCLASSIFIED,2026-08-06,Denver|2026-08-06|low,2-3d,0.80-1.00,0.82,KXLOWTDEN-26AUG05-B55.5,0.944,development,90-100%,2.195122,10.0,Denver|station_verified=True,v3.0,83,6F+
0.0,Denver,threshold,20pp+,UNCLASSIFIED,2026-08-06,Denver|2026-08-06|low,2-3d,0.40-0.59,0.58,KXLOWTDEN-26AUG05-T53,0.8413,development,80-89%,-10.0,10.0,Denver|station_verified=True,v3.0,84,6F+
0.0,Denver,threshold,20pp+,UNCLASSIFIED,2026-08-06,Denver|2026-08-06|low,2-3d,<0.20,0.03,KXLOWTDEN-26AUG05-T60,0.433816,development,40-49%,-10.0,10.0,Denver|station_verified=True,v3.0,85,6F+
1.0,Houston,range,20pp+,UNCLASSIFIED,2026-08-06,Houston|2026-08-06|low,2-3d,0.60-0.79,0.61,KXLOWTHOU-26AUG05-B77.5,0.9339,development,90-100%,6.393443,10.0,Houston|station_verified=True,v3.0,86,6F+
0.0,Houston,range,20pp+,UNCLASSIFIED,2026-08-06,Houston|2026-08-06|low,2-3d,0.60-0.79,0.62,KXLOWTHOU-26AUG05-B79.5,0.9354,development,90-100%,-10.0,10.0,Houston|station_verified=True,v3.0,87,6F+
0.0,Houston,threshold,10-19pp,UNCLASSIFIED,2026-08-06,Houston|2026-08-06|low,2-3d,<0.20,0.03,KXLOWTHOU-26AUG05-T73,0.197663,development,10-19%,-10.0,10.0,Houston|station_verified=True,v3.0,88,6F+
0.0,Houston,threshold,20pp+,UNCLASSIFIED,2026-08-06,Houston|2026-08-06|low,2-3d,<0.20,0.08,KXLOWTHOU-26AUG05-T80,0.375748,development,30-39%,-10.0,10.0,Houston|station_verified=True,v3.0,89,6F+
0.0,Los Angeles,threshold,10-19pp,UNCLASSIFIED,2026-08-05,Los Angeles|2026-08-05|low,0-1d,<0.20,0.01,KXLOWTLAX-26AUG04-T70,0.125072,development,10-19%,-10.0,10.0,Los Angeles|station_verified=True,v3.0,90,6F+
1.0,Los Angeles,range,10-19pp,UNCLASSIFIED,2026-08-06,Los Angeles|2026-08-06|low,2-3d,0.60-0.79,0.78,KXLOWTLAX-26AUG05-B65.5,0.9336,development,90-100%,2.820513,10.0,Los Angeles|station_verified=True,v3.0,91,6F+
0.0,Los Angeles,range,20pp+,UNCLASSIFIED,2026-08-06,Los Angeles|2026-08-06|low,2-3d,0.40-0.59,0.43,KXLOWTLAX-26AUG05-B67.5,0.9379,development,90-100%,-10.0,10.0,Los Angeles|station_verified=True,v3.0,92,6F+
0.0,Los Angeles,threshold,20pp+,UNCLASSIFIED,2026-08-06,Los Angeles|2026-08-06|low,2-3d,<0.20,0.02,KXLOWTLAX-26AUG05-T61,0.23679,development,20-29%,-10.0,10.0,Los Angeles|station_verified=True,v3.0,93,6F+
0.0,Los Angeles,threshold,20pp+,UNCLASSIFIED,2026-08-06,Los Angeles|2026-08-06|low,2-3d,<0.20,0.12,KXLOWTLAX-26AUG05-T68,0.326355,development,30-39%,-10.0,10.0,Los Angeles|station_verified=True,v3.0,94,6F+
1.0,New York City,range,20pp+,UNCLASSIFIED,2026-08-06,New York City|2026-08-06|low,2-3d,0.60-0.79,0.71,KXLOWTNYC-26AUG05-B67.5,0.959,development,90-100%,4.084507,10.0,New York City|station_verified=True,v3.0,95,6F+
0.0,New York City,range,20pp+,UNCLASSIFIED,2026-08-06,New York City|2026-08-06|low,2-3d,0.60-0.79,0.62,KXLOWTNYC-26AUG05-B69.5,0.9462,development,90-100%,-10.0,10.0,New York City|station_verified=True,v3.0,96,6F+
0.0,New York City,threshold,20pp+,UNCLASSIFIED,2026-08-06,New York City|2026-08-06|low,2-3d,<0.20,0.14,KXLOWTNYC-26AUG05-T70,0.71453,development,70-79%,-10.0,10.0,New York City|station_verified=True,v3.0,97,6F+
0.0,Denver,range,20pp+,UNCLASSIFIED,2026-08-06,Denver|2026-08-06|high,2-3d,0.60-0.79,0.79,KXHIGHDEN-26AUG05-B83.5,0.9953,development,90-100%,-10.0,10.0,Denver|station_verified=True,v3.0,98,6F+
1.0,Denver,range,20pp+,UNCLASSIFIED,2026-08-06,Denver|2026-08-06|high,2-3d,0.60-0.79,0.68,KXHIGHDEN-26AUG05-B85.5,0.9904,development,90-100%,4.705882,10.0,Denver|station_verified=True,v3.0,99,6F+
1.0,Denver,range,10-19pp,UNCLASSIFIED,2026-08-06,Denver|2026-08-06|high,2-3d,0.80-1.00,0.8,KXHIGHDEN-26AUG05-B87.5,0.9824,development,90-100%,2.5,10.0,Denver|station_verified=True,v3.0,100,6F+
0.0,Denver,threshold,20pp+,UNCLASSIFIED,2026-08-06,Denver|2026-08-06|high,2-3d,<0.20,0.03,KXHIGHDEN-26AUG05-T90,0.888134,development,80-89%,-10.0,10.0,Denver|station_verified=True,v3.0,101,6F+
0.0,Miami,threshold,10-19pp,UNCLASSIFIED,2026-08-06,Miami|2026-08-06|high,2-3d,<0.20,0.02,KXHIGHMIA-26AUG05-T86,0.132068,development,10-19%,-10.0,10.0,Miami|station_verified=True,v3.0,102,6F+
1.0,Oklahoma City,range,20pp+,UNCLASSIFIED,2026-08-06,Oklahoma City|2026-08-06|low,2-3d,0.60-0.79,0.72,KXLOWTOKC-26AUG05-B72.5,0.955,development,90-100%,3.888889,10.0,Oklahoma City|station_verified=True,v3.0,103,6F+
0.0,Oklahoma City,range,20pp+,UNCLASSIFIED,2026-08-06,Oklahoma City|2026-08-06|low,2-3d,0.60-0.79,0.63,KXLOWTOKC-26AUG05-B74.5,0.9429,development,90-100%,-10.0,10.0,Oklahoma City|station_verified=True,v3.0,104,6F+
0.0,Oklahoma City,threshold,20pp+,UNCLASSIFIED,2026-08-06,Oklahoma City|2026-08-06|low,2-3d,<0.20,0.05,KXLOWTOKC-26AUG05-T77,0.553035,development,50-59%,-10.0,10.0,Oklahoma City|station_verified=True,v3.0,105,6F+
0.0,Dallas,threshold,20pp+,UNCLASSIFIED,2026-08-06,Dallas|2026-08-06|low,2-3d,<0.20,0.03,KXLOWTDAL-26AUG05-T75,0.231678,development,20-29%,-10.0,10.0,Dallas|station_verified=True,v3.0,106,6F+
1.0,New York City,range,10-19pp,UNCLASSIFIED,2026-08-06,New York City|2026-08-06|low,2-3d,0.80-1.00,0.86,KXLOWTNYC-26AUG05-B65.5,0.9714,development,90-100%,1.627907,10.0,New York City|station_verified=True,v3.0,107,6F+
1.0,Oklahoma City,range,10-19pp,UNCLASSIFIED,2026-08-06,Oklahoma City|2026-08-06|low,2-3d,0.60-0.79,0.79,KXLOWTOKC-26AUG05-B76.5,0.9336,development,90-100%,2.658228,10.0,Oklahoma City|station_verified=True,v3.0,108,6F+
0.0,Oklahoma City,threshold,10-19pp,UNCLASSIFIED,2026-08-06,Oklahoma City|2026-08-06|low,2-3d,<0.20,0.03,KXLOWTOKC-26AUG05-T70,0.13933,development,10-19%,-10.0,10.0,Oklahoma City|station_verified=True,v3.0,109,6F+
1.0,Denver,threshold,10-19pp,RESEARCH_ONLY,2026-08-06,Denver|2026-08-06|high,0-1d,0.80-1.00,0.86,KXHIGHDEN-26AUG05-T83,0.9754,development,90-100%,1.627907,10.0,Denver|station_verified=True,v3.0,110,6F+
1.0,Denver,range,10-19pp,RESEARCH_ONLY,2026-08-07,Denver|2026-08-07|high,2-3d,0.80-1.00,0.82,KXHIGHDEN-26AUG06-B94.5,0.9597,development,90-100%,2.195122,10.0,Denver|station_verified=True,v3.0,111,6F+
0.0,Denver,range,20pp+,RESEARCH_ONLY,2026-08-07,Denver|2026-08-07|high,2-3d,0.40-0.59,0.59,KXHIGHDEN-26AUG06-B96.5,0.9468,development,90-100%,-10.0,10.0,Denver|station_verified=True,v3.0,112,6F+
1.0,Denver,range,10-19pp,RESEARCH_ONLY,2026-08-07,Denver|2026-08-07|high,2-3d,0.60-0.79,0.76,KXHIGHDEN-26AUG06-B98.5,0.9372,development,90-100%,3.157895,10.0,Denver|station_verified=True,v3.0,113,6F+
0.0,Denver,threshold,20pp+,RESEARCH_ONLY,2026-08-07,Denver|2026-08-07|high,2-3d,<0.20,0.08,KXHIGHDEN-26AUG06-T99,0.598706,development,50-59%,-10.0,10.0,Denver|station_verified=True,v3.0,114,6F+
0.0,Miami,range,20pp+,RESEARCH_ONLY,2026-08-07,Miami|2026-08-07|high,2-3d,0.60-0.79,0.66,KXHIGHMIA-26AUG06-B87.5,0.9387,development,90-100%,-10.0,10.0,Miami|station_verified=True,v3.0,115,6F+
1.0,Miami,range,20pp+,RESEARCH_ONLY,2026-08-07,Miami|2026-08-07|high,2-3d,0.60-0.79,0.65,KXHIGHMIA-26AUG06-B89.5,0.9337,development,90-100%,5.384615,10.0,Miami|station_verified=True,v3.0,116,6F+
0.0,Miami,threshold,10-19pp,RESEARCH_ONLY,2026-08-07,Miami|2026-08-07|high,2-3d,<0.20,0.03,KXHIGHMIA-26AUG06-T85,0.162722,development,10-19%,-10.0,10.0,Miami|station_verified=True,v3.0,117,6F+
0.0,Miami,threshold,20pp+,RESEARCH_ONLY,2026-08-07,Miami|2026-08-07|high,2-3d,<0.20,0.03,KXHIGHMIA-26AUG06-T92,0.302694,development,30-39%,-10.0,10.0,Miami|station_verified=True,v3.0,118,6F+
0.0,Dallas,range,20pp+,RESEARCH_ONLY,2026-08-07,Dallas|2026-08-07|high,2-3d,0.40-0.59,0.52,KXHIGHTDAL-26AUG06-B100.5,0.9391,development,90-100%,-10.0,10.0,Dallas|station_verified=True,v3.0,119,6F+
1.0,Dallas,range,20pp+,RESEARCH_ONLY,2026-08-07,Dallas|2026-08-07|high,2-3d,0.60-0.79,0.73,KXHIGHTDAL-26AUG06-B102.5,0.9338,development,90-100%,3.69863,10.0,Dallas|station_verified=True,v3.0,120,6F+
0.0,Dallas,threshold,20pp+,RESEARCH_ONLY,2026-08-07,Dallas|2026-08-07|high,2-3d,<0.20,0.02,KXHIGHTDAL-26AUG06-T105,0.369441,development,30-39%,-10.0,10.0,Dallas|station_verified=True,v3.0,121,6F+
0.0,Dallas,threshold,10-19pp,RESEARCH_ONLY,2026-08-07,Dallas|2026-08-07|high,2-3d,<0.20,0.04,KXHIGHTDAL-26AUG06-T98,0.202328,development,20-29%,-10.0,10.0,Dallas|station_verified=True,v3.0,122,6F+
0.0,Minneapolis,range,10-19pp,RESEARCH_ONLY,2026-08-07,Minneapolis|2026-08-07|high,2-3d,0.80-1.00,0.81,KXHIGHTMIN-26AUG06-B82.5,0.9916,development,90-100%,-10.0,10.0,Minneapolis|station_verified=True,v3.0,123,6F+
1.0,Minneapolis,range,20pp+,RESEARCH_ONLY,2026-08-07,Minneapolis|2026-08-07|high,2-3d,0.40-0.59,0.57,KXHIGHTMIN-26AUG06-B84.5,0.9843,development,90-100%,7.54386,10.0,Minneapolis|station_verified=True,v3.0,124,6F+
1.0,Minneapolis,range,10-19pp,RESEARCH_ONLY,2026-08-07,Minneapolis|2026-08-07|high,2-3d,0.80-1.00,0.8,KXHIGHTMIN-26AUG06-B86.5,0.9738,development,90-100%,2.5,10.0,Minneapolis|station_verified=True,v3.0,125,6F+
0.0,Minneapolis,threshold,20pp+,RESEARCH_ONLY,2026-08-07,Minneapolis|2026-08-07|high,2-3d,<0.20,0.03,KXHIGHTMIN-26AUG06-T89,0.828944,development,80-89%,-10.0,10.0,Minneapolis|station_verified=True,v3.0,126,6F+
1.0,Dallas,range,20pp+,RESEARCH_ONLY,2026-08-07,Dallas|2026-08-07|low,2-3d,0.60-0.79,0.61,KXLOWTDAL-26AUG06-B79.5,0.9354,development,90-100%,6.393443,10.0,Dallas|station_verified=True,v3.0,127,6F+
0.0,Dallas,range,20pp+,RESEARCH_ONLY,2026-08-07,Dallas|2026-08-07|low,2-3d,0.40-0.59,0.59,KXLOWTDAL-26AUG06-B81.5,0.9339,development,90-100%,-10.0,10.0,Dallas|station_verified=True,v3.0,128,6F+
0.0,Dallas,threshold,10-19pp,RESEARCH_ONLY,2026-08-07,Dallas|2026-08-07|low,2-3d,<0.20,0.03,KXLOWTDAL-26AUG06-T75,0.162722,development,10-19%,-10.0,10.0,Dallas|station_verified=True,v3.0,129,6F+
0.0,Dallas,threshold,20pp+,RESEARCH_ONLY,2026-08-07,Dallas|2026-08-07|low,2-3d,<0.20,0.09,KXLOWTDAL-26AUG06-T82,0.427268,development,40-49%,-10.0,10.0,Dallas|station_verified=True,v3.0,130,6F+
0.0,Houston,range,20pp+,RESEARCH_ONLY,2026-08-07,Houston|2026-08-07|low,2-3d,0.40-0.59,0.58,KXLOWTHOU-26AUG06-B77.5,0.934,development,90-100%,-10.0,10.0,Houston|station_verified=True,v3.0,131,6F+
1.0,Houston,range,20pp+,RESEARCH_ONLY,2026-08-07,Houston|2026-08-07|low,2-3d,0.60-0.79,0.62,KXLOWTHOU-26AUG06-B79.5,0.9351,development,90-100%,6.129032,10.0,Houston|station_verified=True,v3.0,132,6F+
0.0,Houston,threshold,10-19pp,RESEARCH_ONLY,2026-08-07,Houston|2026-08-07|low,2-3d,<0.20,0.02,KXLOWTHOU-26AUG06-T73,0.193062,development,10-19%,-10.0,10.0,Houston|station_verified=True,v3.0,133,6F+
0.0,Houston,threshold,20pp+,RESEARCH_ONLY,2026-08-07,Houston|2026-08-07|low,2-3d,<0.20,0.07,KXLOWTHOU-26AUG06-T80,0.382089,development,30-39%,-10.0,10.0,Houston|station_verified=True,v3.0,134,6F+
1.0,New York City,range,10-19pp,RESEARCH_ONLY,2026-08-07,New York City|2026-08-07|low,2-3d,0.60-0.79,0.74,KXLOWTNYC-26AUG06-B72.5,0.9356,development,90-100%,3.513514,10.0,New York City|station_verified=True,v3.0,135,6F+
0.0,New York City,range,20pp+,RESEARCH_ONLY,2026-08-07,New York City|2026-08-07|low,2-3d,0.40-0.59,0.54,KXLOWTNYC-26AUG06-B74.5,0.9338,development,90-100%,-10.0,10.0,New York City|station_verified=True,v3.0,136,6F+
0.0,New York City,threshold,10-19pp,RESEARCH_ONLY,2026-08-07,New York City|2026-08-07|low,2-3d,<0.20,0.04,KXLOWTNYC-26AUG06-T68,0.158655,development,10-19%,-10.0,10.0,New York City|station_verified=True,v3.0,137,6F+
0.0,New York City,threshold,20pp+,RESEARCH_ONLY,2026-08-07,New York City|2026-08-07|low,2-3d,0.20-0.39,0.21,KXLOWTNYC-26AUG06-T75,0.433816,development,40-49%,-10.0,10.0,New York City|station_verified=True,v3.0,138,6F+
0.0,Oklahoma City,range,10-19pp,RESEARCH_ONLY,2026-08-07,Oklahoma City|2026-08-07|low,2-3d,0.60-0.79,0.76,KXLOWTOKC-26AUG06-B73.5,0.9337,development,90-100%,-10.0,10.0,Oklahoma City|station_verified=True,v3.0,139,6F+
1.0,Oklahoma City,range,20pp+,RESEARCH_ONLY,2026-08-07,Oklahoma City|2026-08-07|low,2-3d,0.60-0.79,0.66,KXLOWTOKC-26AUG06-B75.5,0.9359,development,90-100%,5.151515,10.0,Oklahoma City|station_verified=True,v3.0,140,6F+
0.0,Oklahoma City,threshold,20pp+,RESEARCH_ONLY,2026-08-07,Oklahoma City|2026-08-07|low,2-3d,<0.20,0.04,KXLOWTOKC-26AUG06-T71,0.31443,development,30-39%,-10.0,10.0,Oklahoma City|station_verified=True,v3.0,141,6F+
0.0,Oklahoma City,threshold,10-19pp,RESEARCH_ONLY,2026-08-07,Oklahoma City|2026-08-07|low,2-3d,<0.20,0.13,KXLOWTOKC-26AUG06-T78,0.247198,development,20-29%,-10.0,10.0,Oklahoma City|station_verified=True,v3.0,142,6F+
1.0,Miami,range,10-19pp,RESEARCH_ONLY,2026-08-07,Miami|2026-08-07|high,2-3d,0.80-1.00,0.81,KXHIGHMIA-26AUG06-B91.5,0.9342,development,90-100%,2.345679,10.0,Miami|station_verified=True,v3.0,143,6F+
1.0,Dallas,range,10-19pp,RESEARCH_ONLY,2026-08-07,Dallas|2026-08-07|high,2-3d,0.80-1.00,0.85,KXHIGHTDAL-26AUG06-B98.5,0.957,development,90-100%,1.764706,10.0,Dallas|station_verified=True,v3.0,144,6F+
1.0,Denver,range,10-19pp,RESEARCH_ONLY,2026-08-07,Denver|2026-08-07|low,2-3d,0.80-1.00,0.8,KXLOWTDEN-26AUG06-B55.5,0.967,development,90-100%,2.5,10.0,Denver|station_verified=True,v3.0,145,6F+
1.0,Denver,range,20pp+,RESEARCH_ONLY,2026-08-07,Denver|2026-08-07|low,2-3d,0.60-0.79,0.65,KXLOWTDEN-26AUG06-B57.5,0.9537,development,90-100%,5.384615,10.0,Denver|station_verified=True,v3.0,146,6F+
0.0,Denver,range,10-19pp,RESEARCH_ONLY,2026-08-07,Denver|2026-08-07|low,2-3d,0.60-0.79,0.76,KXLOWTDEN-26AUG06-B59.5,0.9419,development,90-100%,-10.0,10.0,Denver|station_verified=True,v3.0,147,6F+
0.0,Denver,threshold,20pp+,RESEARCH_ONLY,2026-08-07,Denver|2026-08-07|low,2-3d,<0.20,0.05,KXLOWTDEN-26AUG06-T62,0.539828,development,50-59%,-10.0,10.0,Denver|station_verified=True,v3.0,148,6F+
1.0,Oklahoma City,range,10-19pp,OFFICIAL,2026-08-07,Oklahoma City|2026-08-07|low,2-3d,0.60-0.79,0.79,KXLOWTOKC-26AUG06-B77.5,0.94,development,90-100%,2.658228,10.0,Oklahoma City|station_verified=True,v3.0,149,6F+
1.0,Los Angeles,range,20pp+,RESEARCH_ONLY,2026-08-08,Los Angeles|2026-08-08|low,2-3d,0.40-0.59,0.44,KXLOWTLAX-26AUG06-B66.5,0.953,development,90-100%,12.727273,10.0,Los Angeles|station_verified=True,v3.0,150,6F+
0.0,Los Angeles,range,20pp+,RESEARCH_ONLY,2026-08-08,Los Angeles|2026-08-08|low,2-3d,0.60-0.79,0.67,KXLOWTLAX-26AUG06-B68.5,0.9414,development,90-100%,-10.0,10.0,Los Angeles|station_verified=True,v3.0,151,6F+
0.0,Los Angeles,threshold,20pp+,RESEARCH_ONLY,2026-08-08,Los Angeles|2026-08-08|low,2-3d,<0.20,0.04,KXLOWTLAX-26AUG06-T69,0.661539,development,60-69%,-10.0,10.0,Los Angeles|station_verified=True,v3.0,152,6F+
0.0,Denver,threshold,10-19pp,RESEARCH_ONLY,2026-08-07,Denver|2026-08-07|high,0-1d,<0.20,0.03,KXHIGHDEN-26AUG06-T92,0.175324,development,10-19%,-10.0,10.0,Denver|station_verified=True,v3.0,153,6F+
0.0,Denver,range,20pp+,RESEARCH_ONLY,2026-08-08,Denver|2026-08-08|high,2-3d,0.60-0.79,0.69,KXHIGHDEN-26AUG07-B95.5,0.9676,development,90-100%,-10.0,10.0,Denver|station_verified=True,v3.0,154,6F+
1.0,Denver,range,20pp+,RESEARCH_ONLY,2026-08-08,Denver|2026-08-08|high,2-3d,0.60-0.79,0.64,KXHIGHDEN-26AUG07-B97.5,0.9543,development,90-100%,5.625,10.0,Denver|station_verified=True,v3.0,155,6F+
1.0,Denver,range,10-19pp,RESEARCH_ONLY,2026-08-08,Denver|2026-08-08|high,2-3d,0.80-1.00,0.81,KXHIGHDEN-26AUG07-B99.5,0.9424,development,90-100%,2.345679,10.0,Denver|station_verified=True,v3.0,156,6F+
0.0,Denver,threshold,20pp+,RESEARCH_ONLY,2026-08-08,Denver|2026-08-08|high,2-3d,<0.20,0.06,KXHIGHDEN-26AUG07-T100,0.673645,development,60-69%,-10.0,10.0,Denver|station_verified=True,v3.0,157,6F+
1.0,Miami,range,20pp+,RESEARCH_ONLY,2026-08-08,Miami|2026-08-08|high,2-3d,0.60-0.79,0.74,KXHIGHMIA-26AUG07-B88.5,0.9468,development,90-100%,3.513514,10.0,Miami|station_verified=True,v3.0,158,6F+
0.0,Miami,range,20pp+,RESEARCH_ONLY,2026-08-08,Miami|2026-08-08|high,2-3d,0.40-0.59,0.53,KXHIGHMIA-26AUG07-B90.5,0.9372,development,90-100%,-10.0,10.0,Miami|station_verified=True,v3.0,159,6F+
0.0,Miami,threshold,20pp+,RESEARCH_ONLY,2026-08-08,Miami|2026-08-08|high,2-3d,<0.20,0.03,KXHIGHMIA-26AUG07-T93,0.401294,development,40-49%,-10.0,10.0,Miami|station_verified=True,v3.0,160,6F+
0.0,Dallas,range,20pp+,RESEARCH_ONLY,2026-08-08,Dallas|2026-08-08|high,2-3d,0.20-0.39,0.39,KXHIGHTDAL-26AUG07-B100.5,0.9434,development,90-100%,-10.0,10.0,Dallas|station_verified=True,v3.0,161,6F+
1.0,Dallas,range,10-19pp,RESEARCH_ONLY,2026-08-08,Dallas|2026-08-08|high,2-3d,0.80-1.00,0.81,KXHIGHTDAL-26AUG07-B102.5,0.9354,development,90-100%,2.345679,10.0,Dallas|station_verified=True,v3.0,162,6F+
0.0,Dallas,threshold,20pp+,RESEARCH_ONLY,2026-08-08,Dallas|2026-08-08|high,2-3d,<0.20,0.02,KXHIGHTDAL-26AUG07-T105,0.427268,development,40-49%,-10.0,10.0,Dallas|station_verified=True,v3.0,163,6F+
0.0,Dallas,threshold,10-19pp,RESEARCH_ONLY,2026-08-08,Dallas|2026-08-08|high,2-3d,<0.20,0.02,KXHIGHTDAL-26AUG07-T98,0.162722,development,10-19%,-10.0,10.0,Dallas|station_verified=True,v3.0,164,6F+
0.0,Minneapolis,threshold,20pp+,RESEARCH_ONLY,2026-08-07,Minneapolis|2026-08-07|high,0-1d,<0.20,0.1,KXHIGHTMIN-26AUG06-T82,0.338461,development,30-39%,-10.0,10.0,Minneapolis|station_verified=True,v3.0,165,6F+
1.0,Minneapolis,range,20pp+,RESEARCH_ONLY,2026-08-08,Minneapolis|2026-08-08|high,2-3d,0.60-0.79,0.74,KXHIGHTMIN-26AUG07-B82.5,0.982,development,90-100%,3.513514,10.0,Minneapolis|station_verified=True,v3.0,166,6F+
1.0,Minneapolis,range,20pp+,RESEARCH_ONLY,2026-08-08,Minneapolis|2026-08-08|high,2-3d,0.60-0.79,0.63,KXHIGHTMIN-26AUG07-B84.5,0.9708,development,90-100%,5.873016,10.0,Minneapolis|station_verified=True,v3.0,167,6F+
0.0,Minneapolis,threshold,20pp+,RESEARCH_ONLY,2026-08-08,Minneapolis|2026-08-08|high,2-3d,<0.20,0.05,KXHIGHTMIN-26AUG07-T87,0.806938,development,80-89%,-10.0,10.0,Minneapolis|station_verified=True,v3.0,168,6F+
1.0,Dallas,range,20pp+,RESEARCH_ONLY,2026-08-08,Dallas|2026-08-08|low,2-3d,0.60-0.79,0.73,KXLOWTDAL-26AUG07-B78.5,0.9362,development,90-100%,3.69863,10.0,Dallas|station_verified=True,v3.0,169,6F+
0.0,Dallas,range,20pp+,RESEARCH_ONLY,2026-08-08,Dallas|2026-08-08|low,2-3d,0.40-0.59,0.5,KXLOWTDAL-26AUG07-B80.5,0.9337,development,90-100%,-10.0,10.0,Dallas|station_verified=True,v3.0,170,6F+
0.0,Dallas,threshold,10-19pp,RESEARCH_ONLY,2026-08-08,Dallas|2026-08-08|low,2-3d,<0.20,0.02,KXLOWTDAL-26AUG07-T74,0.150724,development,10-19%,-10.0,10.0,Dallas|station_verified=True,v3.0,171,6F+
0.0,Dallas,threshold,20pp+,RESEARCH_ONLY,2026-08-08,Dallas|2026-08-08|low,2-3d,<0.20,0.16,KXLOWTDAL-26AUG07-T81,0.446965,development,40-49%,-10.0,10.0,Dallas|station_verified=True,v3.0,172,6F+
1.0,Denver,range,10-19pp,RESEARCH_ONLY,2026-08-08,Denver|2026-08-08|low,2-3d,0.80-1.00,0.84,KXLOWTDEN-26AUG07-B58.5,0.9829,development,90-100%,1.904762,10.0,Denver|station_verified=True,v3.0,173,6F+
1.0,Denver,range,20pp+,RESEARCH_ONLY,2026-08-08,Denver|2026-08-08|low,2-3d,0.60-0.79,0.72,KXLOWTDEN-26AUG07-B60.5,0.972,development,90-100%,3.888889,10.0,Denver|station_verified=True,v3.0,174,6F+
0.0,Denver,range,20pp+,RESEARCH_ONLY,2026-08-08,Denver|2026-08-08|low,2-3d,0.60-0.79,0.74,KXLOWTDEN-26AUG07-B62.5,0.959,development,90-100%,-10.0,10.0,Denver|station_verified=True,v3.0,175,6F+
0.0,Denver,threshold,20pp+,RESEARCH_ONLY,2026-08-08,Denver|2026-08-08|low,2-3d,<0.20,0.02,KXLOWTDEN-26AUG07-T65,0.71453,development,70-79%,-10.0,10.0,Denver|station_verified=True,v3.0,176,6F+
1.0,Houston,range,20pp+,RESEARCH_ONLY,2026-08-08,Houston|2026-08-08|low,2-3d,0.40-0.59,0.56,KXLOWTHOU-26AUG07-B77.5,0.934,development,90-100%,7.857143,10.0,Houston|station_verified=True,v3.0,177,6F+
0.0,Houston,range,20pp+,RESEARCH_ONLY,2026-08-08,Houston|2026-08-08|low,2-3d,0.60-0.79,0.61,KXLOWTHOU-26AUG07-B79.5,0.94,development,90-100%,-10.0,10.0,Houston|station_verified=True,v3.0,178,6F+
0.0,Houston,threshold,20pp+,RESEARCH_ONLY,2026-08-08,Houston|2026-08-08|low,2-3d,<0.20,0.02,KXLOWTHOU-26AUG07-T73,0.263258,development,20-29%,-10.0,10.0,Houston|station_verified=True,v3.0,179,6F+
0.0,Houston,threshold,20pp+,RESEARCH_ONLY,2026-08-08,Houston|2026-08-08|low,2-3d,<0.20,0.04,KXLOWTHOU-26AUG07-T80,0.296901,development,20-29%,-10.0,10.0,Houston|station_verified=True,v3.0,180,6F+
1.0,New York City,range,10-19pp,RESEARCH_ONLY,2026-08-08,New York City|2026-08-08|low,2-3d,0.60-0.79,0.78,KXLOWTNYC-26AUG07-B73.5,0.9345,development,90-100%,2.820513,10.0,New York City|station_verified=True,v3.0,181,6F+
1.0,New York City,range,20pp+,RESEARCH_ONLY,2026-08-08,New York City|2026-08-08|low,2-3d,0.60-0.79,0.6,KXLOWTNYC-26AUG07-B75.5,0.9414,development,90-100%,6.666667,10.0,New York City|station_verified=True,v3.0,182,6F+
1.0,New York City,range,10-19pp,RESEARCH_ONLY,2026-08-08,New York City|2026-08-08|low,2-3d,0.80-1.00,0.81,KXLOWTNYC-26AUG07-B77.5,0.953,development,90-100%,2.345679,10.0,New York City|station_verified=True,v3.0,183,6F+
0.0,New York City,threshold,20pp+,RESEARCH_ONLY,2026-08-08,New York City|2026-08-08|low,2-3d,<0.20,0.02,KXLOWTNYC-26AUG07-T71,0.401294,development,40-49%,-10.0,10.0,New York City|station_verified=True,v3.0,184,6F+
0.0,New York City,threshold,10-19pp,RESEARCH_ONLY,2026-08-08,New York City|2026-08-08|low,2-3d,<0.20,0.05,KXLOWTNYC-26AUG07-T78,0.179659,development,10-19%,-10.0,10.0,New York City|station_verified=True,v3.0,185,6F+
0.0,Minneapolis,range,10-19pp,RESEARCH_ONLY,2026-08-08,Minneapolis|2026-08-08|high,2-3d,0.80-1.00,0.88,KXHIGHTMIN-26AUG07-B80.5,0.99,development,90-100%,-10.0,10.0,Minneapolis|station_verified=True,v3.0,186,6F+
0.0,Los Angeles,threshold,10-19pp,RESEARCH_ONLY,2026-08-08,Los Angeles|2026-08-08|low,2-3d,<0.20,0.01,KXLOWTLAX-26AUG06-T62,0.175324,development,10-19%,-10.0,10.0,Los Angeles|station_verified=True,v3.0,187,6F+
0.0,Los Angeles,range,20pp+,RESEARCH_ONLY,2026-08-08,Los Angeles|2026-08-08|low,2-3d,0.40-0.59,0.43,KXLOWTLAX-26AUG07-B67.5,0.9336,development,90-100%,-10.0,10.0,Los Angeles|station_verified=True,v3.0,188,6F+
0.0,Los Angeles,threshold,10-19pp,RESEARCH_ONLY,2026-08-08,Los Angeles|2026-08-08|low,2-3d,<0.20,0.01,KXLOWTLAX-26AUG07-T61,0.135666,development,10-19%,-10.0,10.0,Los Angeles|station_verified=True,v3.0,189,6F+
0.0,Los Angeles,threshold,20pp+,RESEARCH_ONLY,2026-08-08,Los Angeles|2026-08-08|low,2-3d,0.20-0.39,0.27,KXLOWTLAX-26AUG07-T68,0.473424,development,40-49%,-10.0,10.0,Los Angeles|station_verified=True,v3.0,190,6F+
1.0,Oklahoma City,range,20pp+,RESEARCH_ONLY,2026-08-08,Oklahoma City|2026-08-08|low,2-3d,0.60-0.79,0.67,KXLOWTOKC-26AUG07-B74.5,0.9354,development,90-100%,4.925373,10.0,Oklahoma City|station_verified=True,v3.0,191,6F+
1.0,Oklahoma City,range,20pp+,RESEARCH_ONLY,2026-08-08,Oklahoma City|2026-08-08|low,2-3d,0.60-0.79,0.68,KXLOWTOKC-26AUG07-B76.5,0.9434,development,90-100%,4.705882,10.0,Oklahoma City|station_verified=True,v3.0,192,6F+
0.0,Oklahoma City,threshold,20pp+,RESEARCH_ONLY,2026-08-08,Oklahoma City|2026-08-08|low,2-3d,<0.20,0.04,KXLOWTOKC-26AUG07-T70,0.302694,development,30-39%,-10.0,10.0,Oklahoma City|station_verified=True,v3.0,193,6F+
0.0,Oklahoma City,threshold,10-19pp,RESEARCH_ONLY,2026-08-08,Oklahoma City|2026-08-08|low,2-3d,<0.20,0.13,KXLOWTOKC-26AUG07-T77,0.257846,development,20-29%,-10.0,10.0,Oklahoma City|station_verified=True,v3.0,194,6F+
0.0,Minneapolis,threshold,10-19pp,RESEARCH_ONLY,2026-08-06,Minneapolis|2026-08-06|high,0-1d,<0.20,0.01,KXHIGHTMIN-26AUG05-T75,0.111866,development,10-19%,-10.0,10.0,Minneapolis|station_verified=True,v3.0,195,6F+
1.0,Minneapolis,threshold,10-19pp,RESEARCH_ONLY,2026-08-08,Minneapolis|2026-08-08|high,0-1d,0.80-1.00,0.88,KXHIGHTMIN-26AUG07-T80,0.9829,development,90-100%,1.363636,10.0,Minneapolis|station_verified=True,v3.0,196,6F+
0.0,Denver,threshold,10-19pp,RESEARCH_ONLY,2026-08-08,Denver|2026-08-08|high,0-1d,<0.20,0.02,KXHIGHDEN-26AUG07-T93,0.154656,development,10-19%,-10.0,10.0,Denver|station_verified=True,v3.0,197,6F+
1.0,Miami,range,10-19pp,RESEARCH_ONLY,2026-08-08,Miami|2026-08-08|high,0-1d,0.80-1.00,0.84,KXHIGHMIA-26AUG07-B92.5,0.9456,development,90-100%,1.904762,10.0,Miami|station_verified=True,v3.0,198,6F+
0.0,Miami,threshold,20pp+,RESEARCH_ONLY,2026-08-08,Miami|2026-08-08|high,0-1d,<0.20,0.01,KXHIGHMIA-26AUG07-T86,0.268727,development,20-29%,-10.0,10.0,Miami|station_verified=True,v3.0,199,6F+
0.0,Denver,threshold,10-19pp,RESEARCH_ONLY,2026-08-07,Denver|2026-08-07|low,0-1d,<0.20,0.01,KXLOWTDEN-26AUG06-T55,0.121673,development,10-19%,-10.0,10.0,Denver|station_verified=True,v3.0,200,6F+
1.0,Oklahoma City,range,10-19pp,RESEARCH_ONLY,2026-08-08,Oklahoma City|2026-08-08|low,0-1d,0.60-0.79,0.78,KXLOWTOKC-26AUG07-B72.5,0.9456,development,90-100%,2.820513,10.0,Oklahoma City|station_verified=True,v3.0,201,6F+
0.0,Miami,range,20pp+,RESEARCH_ONLY,2026-08-09,Miami|2026-08-09|high,2-3d,0.40-0.59,0.53,KXHIGHMIA-26AUG08-B91.5,0.9345,development,90-100%,-10.0,10.0,Miami|station_verified=True,v3.0,202,6F+
1.0,Miami,range,20pp+,RESEARCH_ONLY,2026-08-09,Miami|2026-08-09|high,2-3d,0.60-0.79,0.65,KXHIGHMIA-26AUG08-B93.5,0.9345,development,90-100%,5.384615,10.0,Miami|station_verified=True,v3.0,203,6F+
0.0,Miami,threshold,10-19pp,RESEARCH_ONLY,2026-08-09,Miami|2026-08-09|high,2-3d,<0.20,0.02,KXHIGHMIA-26AUG08-T87,0.13933,development,10-19%,-10.0,10.0,Miami|station_verified=True,v3.0,204,6F+
0.0,Miami,threshold,20pp+,RESEARCH_ONLY,2026-08-09,Miami|2026-08-09|high,2-3d,<0.20,0.04,KXHIGHMIA-26AUG08-T94,0.338461,development,30-39%,-10.0,10.0,Miami|station_verified=True,v3.0,205,6F+
0.0,Dallas,range,10-19pp,RESEARCH_ONLY,2026-08-09,Dallas|2026-08-09|high,2-3d,0.60-0.79,0.74,KXHIGHTDAL-26AUG08-B101.5,0.9339,development,90-100%,-10.0,10.0,Dallas|station_verified=True,v3.0,206,6F+
1.0,Dallas,range,20pp+,RESEARCH_ONLY,2026-08-09,Dallas|2026-08-09|high,2-3d,0.40-0.59,0.54,KXHIGHTDAL-26AUG08-B99.5,0.9395,development,90-100%,8.518519,10.0,Dallas|station_verified=True,v3.0,207,6F+
0.0,Dallas,threshold,20pp+,RESEARCH_ONLY,2026-08-09,Dallas|2026-08-09|high,2-3d,<0.20,0.02,KXHIGHTDAL-26AUG08-T104,0.375748,development,30-39%,-10.0,10.0,Dallas|station_verified=True,v3.0,208,6F+
0.0,Dallas,threshold,10-19pp,RESEARCH_ONLY,2026-08-09,Dallas|2026-08-09|high,2-3d,<0.20,0.03,KXHIGHTDAL-26AUG08-T97,0.197663,development,10-19%,-10.0,10.0,Dallas|station_verified=True,v3.0,209,6F+
1.0,Dallas,range,10-19pp,RESEARCH_ONLY,2026-08-09,Dallas|2026-08-09|low,2-3d,0.60-0.79,0.75,KXLOWTDAL-26AUG08-B78.5,0.9342,development,90-100%,3.333333,10.0,Dallas|station_verified=True,v3.0,210,6F+
1.0,Dallas,range,20pp+,RESEARCH_ONLY,2026-08-09,Dallas|2026-08-09|low,2-3d,0.40-0.59,0.51,KXLOWTDAL-26AUG08-B80.5,0.9349,development,90-100%,9.607843,10.0,Dallas|station_verified=True,v3.0,211,6F+
0.0,Dallas,threshold,10-19pp,RESEARCH_ONLY,2026-08-09,Dallas|2026-08-09|low,2-3d,<0.20,0.04,KXLOWTDAL-26AUG08-T74,0.188528,development,10-19%,-10.0,10.0,Dallas|station_verified=True,v3.0,212,6F+
1.0,Dallas,threshold,10-19pp,RESEARCH_ONLY,2026-08-09,Dallas|2026-08-09|low,2-3d,0.20-0.39,0.21,KXLOWTDAL-26AUG08-T81,0.388461,development,30-39%,37.619048,10.0,Dallas|station_verified=True,v3.0,213,6F+
0.0,Los Angeles,range,20pp+,RESEARCH_ONLY,2026-08-09,Los Angeles|2026-08-09|low,2-3d,0.40-0.59,0.46,KXLOWTLAX-26AUG08-B67.5,0.9379,development,90-100%,-10.0,10.0,Los Angeles|station_verified=True,v3.0,214,6F+
0.0,Los Angeles,threshold,20pp+,RESEARCH_ONLY,2026-08-09,Los Angeles|2026-08-09|low,2-3d,<0.20,0.02,KXLOWTLAX-26AUG08-T61,0.23679,development,20-29%,-10.0,10.0,Los Angeles|station_verified=True,v3.0,215,6F+
1.0,New York City,range,20pp+,RESEARCH_ONLY,2026-08-09,New York City|2026-08-09|low,2-3d,0.60-0.79,0.72,KXLOWTNYC-26AUG08-B73.5,0.9342,development,90-100%,3.888889,10.0,New York City|station_verified=True,v3.0,216,6F+
1.0,New York City,range,20pp+,RESEARCH_ONLY,2026-08-09,New York City|2026-08-09|low,2-3d,0.40-0.59,0.59,KXLOWTNYC-26AUG08-B75.5,0.9404,development,90-100%,6.949153,10.0,New York City|station_verified=True,v3.0,217,6F+
0.0,New York City,threshold,20pp+,RESEARCH_ONLY,2026-08-09,New York City|2026-08-09|low,2-3d,<0.20,0.06,KXLOWTNYC-26AUG08-T69,0.268727,development,20-29%,-10.0,10.0,New York City|station_verified=True,v3.0,218,6F+
0.0,New York City,threshold,10-19pp,RESEARCH_ONLY,2026-08-09,New York City|2026-08-09|low,2-3d,<0.20,0.17,KXLOWTNYC-26AUG08-T76,0.29116,development,20-29%,-10.0,10.0,New York City|station_verified=True,v3.0,219,6F+
0.0,Denver,range,20pp+,RESEARCH_ONLY,2026-08-09,Denver|2026-08-09|high,2-3d,0.40-0.59,0.49,KXHIGHDEN-26AUG08-B100.5,0.9336,development,90-100%,-10.0,10.0,Denver|station_verified=True,v3.0,220,6F+
1.0,Denver,range,10-19pp,RESEARCH_ONLY,2026-08-09,Denver|2026-08-09|high,2-3d,0.80-1.00,0.83,KXHIGHDEN-26AUG08-B102.5,0.9379,development,90-100%,2.048193,10.0,Denver|station_verified=True,v3.0,221,6F+
1.0,Denver,range,20pp+,RESEARCH_ONLY,2026-08-09,Denver|2026-08-09|high,2-3d,0.60-0.79,0.71,KXHIGHDEN-26AUG08-B98.5,0.9365,development,90-100%,4.084507,10.0,Denver|station_verified=True,v3.0,222,6F+
0.0,Denver,threshold,20pp+,RESEARCH_ONLY,2026-08-09,Denver|2026-08-09|high,2-3d,<0.20,0.03,KXHIGHDEN-26AUG08-T103,0.326355,development,30-39%,-10.0,10.0,Denver|station_verified=True,v3.0,223,6F+
0.0,Denver,threshold,20pp+,RESEARCH_ONLY,2026-08-09,Denver|2026-08-09|high,2-3d,<0.20,0.03,KXHIGHDEN-26AUG08-T96,0.23679,development,20-29%,-10.0,10.0,Denver|station_verified=True,v3.0,224,6F+
1.0,Minneapolis,range,20pp+,RESEARCH_ONLY,2026-08-09,Minneapolis|2026-08-09|high,2-3d,0.60-0.79,0.64,KXHIGHTMIN-26AUG08-B82.5,0.9434,development,90-100%,5.625,10.0,Minneapolis|station_verified=True,v3.0,225,6F+
1.0,Minneapolis,range,20pp+,RESEARCH_ONLY,2026-08-09,Minneapolis|2026-08-09|high,2-3d,0.60-0.79,0.73,KXHIGHTMIN-26AUG08-B84.5,0.9557,development,90-100%,3.69863,10.0,Minneapolis|station_verified=True,v3.0,226,6F+
1.0,Minneapolis,threshold,20pp+,RESEARCH_ONLY,2026-08-09,Minneapolis|2026-08-09|high,2-3d,0.20-0.39,0.21,KXHIGHTMIN-26AUG08-T82,0.68557,development,60-69%,37.619048,10.0,Minneapolis|station_verified=True,v3.0,227,6F+
1.0,Denver,range,10-19pp,RESEARCH_ONLY,2026-08-09,Denver|2026-08-09|low,2-3d,0.60-0.79,0.75,KXLOWTDEN-26AUG08-B64.5,0.9456,development,90-100%,3.333333,10.0,Denver|station_verified=True,v3.0,228,6F+
0.0,Denver,range,20pp+,RESEARCH_ONLY,2026-08-09,Denver|2026-08-09|low,2-3d,0.60-0.79,0.66,KXLOWTDEN-26AUG08-B66.5,0.9365,development,90-100%,-10.0,10.0,Denver|station_verified=True,v3.0,229,6F+
1.0,Denver,range,10-19pp,RESEARCH_ONLY,2026-08-09,Denver|2026-08-09|low,2-3d,0.80-1.00,0.82,KXLOWTDEN-26AUG08-B68.5,0.9336,development,90-100%,2.195122,10.0,Denver|station_verified=True,v3.0,230,6F+
0.0,Denver,threshold,20pp+,RESEARCH_ONLY,2026-08-09,Denver|2026-08-09|low,2-3d,<0.20,0.09,KXLOWTDEN-26AUG08-T69,0.453562,development,40-49%,-10.0,10.0,Denver|station_verified=True,v3.0,231,6F+
1.0,Houston,range,10-19pp,RESEARCH_ONLY,2026-08-09,Houston|2026-08-09|low,2-3d,0.60-0.79,0.76,KXLOWTHOU-26AUG08-B76.5,0.9345,development,90-100%,3.157895,10.0,Houston|station_verified=True,v3.0,232,6F+
0.0,Houston,range,20pp+,RESEARCH_ONLY,2026-08-09,Houston|2026-08-09|low,2-3d,0.40-0.59,0.58,KXLOWTHOU-26AUG08-B78.5,0.9345,development,90-100%,-10.0,10.0,Houston|station_verified=True,v3.0,233,6F+
0.0,Houston,threshold,10-19pp,RESEARCH_ONLY,2026-08-09,Houston|2026-08-09|low,2-3d,<0.20,0.02,KXLOWTHOU-26AUG08-T72,0.179659,development,10-19%,-10.0,10.0,Houston|station_verified=True,v3.0,234,6F+
0.0,Houston,threshold,10-19pp,RESEARCH_ONLY,2026-08-09,Houston|2026-08-09|low,2-3d,0.20-0.39,0.22,KXLOWTHOU-26AUG08-T79,0.401294,development,40-49%,-10.0,10.0,Houston|station_verified=True,v3.0,235,6F+
0.0,Oklahoma City,range,10-19pp,RESEARCH_ONLY,2026-08-08,Oklahoma City|2026-08-08|low,0-1d,0.60-0.79,0.78,KXLOWTOKC-26AUG07-B70.5,0.9732,development,90-100%,-10.0,10.0,Oklahoma City|station_verified=True,v3.0,236,6F+
1.0,Oklahoma City,range,20pp+,RESEARCH_ONLY,2026-08-09,Oklahoma City|2026-08-09|low,2-3d,0.60-0.79,0.74,KXLOWTOKC-26AUG08-B70.5,0.9511,development,90-100%,3.513514,10.0,Oklahoma City|station_verified=True,v3.0,237,6F+
1.0,Oklahoma City,range,20pp+,RESEARCH_ONLY,2026-08-09,Oklahoma City|2026-08-09|low,2-3d,0.60-0.79,0.67,KXLOWTOKC-26AUG08-B72.5,0.94,development,90-100%,4.925373,10.0,Oklahoma City|station_verified=True,v3.0,238,6F+
0.0,Oklahoma City,threshold,20pp+,RESEARCH_ONLY,2026-08-09,Oklahoma City|2026-08-09|low,2-3d,<0.20,0.06,KXLOWTOKC-26AUG08-T75,0.513296,development,50-59%,-10.0,10.0,Oklahoma City|station_verified=True,v3.0,239,6F+
0.0,Denver,threshold,10-19pp,RESEARCH_ONLY,2026-08-08,Denver|2026-08-08|low,0-1d,<0.20,0.01,KXLOWTDEN-26AUG07-T58,0.121673,development,10-19%,-10.0,10.0,Denver|station_verified=True,v3.0,240,6F+
0.0,New York City,range,20pp+,RESEARCH_ONLY,2026-08-08,New York City|2026-08-08|low,0-1d,0.20-0.39,0.28,KXLOWTNYC-26AUG07-B71.5,0.9351,development,90-100%,-10.0,10.0,New York City|station_verified=True,v3.0,241,6F+
0.0,New York City,range,10-19pp,RESEARCH_ONLY,2026-08-09,New York City|2026-08-09|low,2-3d,0.80-1.00,0.83,KXLOWTNYC-26AUG08-B71.5,0.9337,development,90-100%,-10.0,10.0,New York City|station_verified=True,v3.0,242,6F+
1.0,Oklahoma City,range,10-19pp,RESEARCH_ONLY,2026-08-09,Oklahoma City|2026-08-09|low,2-3d,0.80-1.00,0.83,KXLOWTOKC-26AUG08-B74.5,0.9517,development,90-100%,2.048193,10.0,Oklahoma City|station_verified=True,v3.0,243,6F+
1.0,Miami,range,10-19pp,RESEARCH_ONLY,2026-08-09,Miami|2026-08-09|high,0-1d,0.80-1.00,0.84,KXHIGHMIA-26AUG08-B89.5,0.9429,development,90-100%,1.904762,10.0,Miami|station_verified=True,v3.0,244,6F+
0.0,Minneapolis,threshold,10-19pp,RESEARCH_ONLY,2026-08-09,Minneapolis|2026-08-09|high,0-1d,<0.20,0.02,KXHIGHTMIN-26AUG08-T89,0.216716,development,20-29%,-10.0,10.0,Minneapolis|station_verified=True,v3.0,245,6F+
1.0,Chicago,range,20pp+,RESEARCH_ONLY,2026-08-10,Chicago|2026-08-10|high,2-3d,0.60-0.79,0.74,KXHIGHCHI-26AUG09-B83.5,0.9617,development,90-100%,3.513514,10.0,Chicago|station_verified=True,v3.0,246,6F+
0.0,Chicago,range,10-19pp,RESEARCH_ONLY,2026-08-10,Chicago|2026-08-10|high,2-3d,0.60-0.79,0.78,KXHIGHCHI-26AUG09-B85.5,0.9486,development,90-100%,-10.0,10.0,Chicago|station_verified=True,v3.0,247,6F+
1.0,Chicago,threshold,20pp+,RESEARCH_ONLY,2026-08-10,Chicago|2026-08-10|high,2-3d,0.60-0.79,0.62,KXHIGHCHI-26AUG09-T83,0.9032,development,90-100%,6.129032,10.0,Chicago|station_verified=True,v3.0,248,6F+
0.0,Chicago,threshold,20pp+,RESEARCH_ONLY,2026-08-10,Chicago|2026-08-10|high,2-3d,<0.20,0.02,KXHIGHCHI-26AUG09-T90,0.42074,development,40-49%,-10.0,10.0,Chicago|station_verified=True,v3.0,249,6F+
0.0,Denver,range,20pp+,RESEARCH_ONLY,2026-08-10,Denver|2026-08-10|high,2-3d,0.60-0.79,0.6,KXHIGHDEN-26AUG09-B96.5,0.9387,development,90-100%,-10.0,10.0,Denver|station_verified=True,v3.0,250,6F+
1.0,Denver,range,20pp+,RESEARCH_ONLY,2026-08-10,Denver|2026-08-10|high,2-3d,0.60-0.79,0.7,KXHIGHDEN-26AUG09-B98.5,0.9337,development,90-100%,4.285714,10.0,Denver|station_verified=True,v3.0,251,6F+
0.0,Denver,threshold,20pp+,RESEARCH_ONLY,2026-08-10,Denver|2026-08-10|high,2-3d,<0.20,0.03,KXHIGHDEN-26AUG09-T101,0.363169,development,30-39%,-10.0,10.0,Denver|station_verified=True,v3.0,252,6F+
0.0,Denver,threshold,10-19pp,RESEARCH_ONLY,2026-08-10,Denver|2026-08-10|high,2-3d,<0.20,0.03,KXHIGHDEN-26AUG09-T94,0.207059,development,20-29%,-10.0,10.0,Denver|station_verified=True,v3.0,253,6F+
1.0,Los Angeles,range,10-19pp,RESEARCH_ONLY,2026-08-10,Los Angeles|2026-08-10|high,2-3d,0.60-0.79,0.78,KXHIGHLAX-26AUG09-B77.5,0.9557,development,90-100%,2.820513,10.0,Los Angeles|station_verified=True,v3.0,254,6F+
0.0,Los Angeles,range,20pp+,RESEARCH_ONLY,2026-08-10,Los Angeles|2026-08-10|high,2-3d,0.40-0.59,0.45,KXHIGHLAX-26AUG09-B79.5,0.9434,development,90-100%,-10.0,10.0,Los Angeles|station_verified=True,v3.0,255,6F+
0.0,Los Angeles,threshold,20pp+,RESEARCH_ONLY,2026-08-10,Los Angeles|2026-08-10|high,2-3d,<0.20,0.02,KXHIGHLAX-26AUG09-T82,0.559618,development,50-59%,-10.0,10.0,Los Angeles|station_verified=True,v3.0,256,6F+
0.0,Miami,range,20pp+,RESEARCH_ONLY,2026-08-10,Miami|2026-08-10|high,2-3d,0.40-0.59,0.5,KXHIGHMIA-26AUG09-B91.5,0.9347,development,90-100%,-10.0,10.0,Miami|station_verified=True,v3.0,257,6F+
1.0,Miami,range,20pp+,RESEARCH_ONLY,2026-08-10,Miami|2026-08-10|high,2-3d,0.60-0.79,0.69,KXHIGHMIA-26AUG09-B93.5,0.9343,development,90-100%,4.492754,10.0,Miami|station_verified=True,v3.0,258,6F+
0.0,Miami,threshold,10-19pp,RESEARCH_ONLY,2026-08-10,Miami|2026-08-10|high,2-3d,<0.20,0.03,KXHIGHMIA-26AUG09-T87,0.135666,development,10-19%,-10.0,10.0,Miami|station_verified=True,v3.0,259,6F+
0.0,Miami,threshold,20pp+,RESEARCH_ONLY,2026-08-10,Miami|2026-08-10|high,2-3d,<0.20,0.04,KXHIGHMIA-26AUG09-T94,0.344578,development,30-39%,-10.0,10.0,Miami|station_verified=True,v3.0,260,6F+
1.0,Boston,range,20pp+,RESEARCH_ONLY,2026-08-10,Boston|2026-08-10|high,2-3d,0.60-0.79,0.71,KXHIGHTBOS-26AUG09-B91.5,0.981,development,90-100%,4.084507,10.0,Boston|station_verified=True,v3.0,261,6F+
1.0,Boston,range,20pp+,RESEARCH_ONLY,2026-08-10,Boston|2026-08-10|high,2-3d,0.60-0.79,0.69,KXHIGHTBOS-26AUG09-B93.5,0.9894,development,90-100%,4.492754,10.0,Boston|station_verified=True,v3.0,262,6F+
0.0,Boston,threshold,20pp+,RESEARCH_ONLY,2026-08-10,Boston|2026-08-10|high,2-3d,<0.20,0.03,KXHIGHTBOS-26AUG09-T87,0.797672,development,70-79%,-10.0,10.0,Boston|station_verified=True,v3.0,263,6F+
1.0,Boston,threshold,10-19pp,RESEARCH_ONLY,2026-08-10,Boston|2026-08-10|high,2-3d,0.80-1.00,0.83,KXHIGHTBOS-26AUG09-T94,0.9772,development,90-100%,2.048193,10.0,Boston|station_verified=True,v3.0,264,6F+
0.0,Dallas,range,20pp+,RESEARCH_ONLY,2026-08-10,Dallas|2026-08-10|high,2-3d,0.60-0.79,0.61,KXHIGHTDAL-26AUG09-B100.5,0.9391,development,90-100%,-10.0,10.0,Dallas|station_verified=True,v3.0,265,6F+
1.0,Dallas,range,10-19pp,RESEARCH_ONLY,2026-08-10,Dallas|2026-08-10|high,2-3d,0.60-0.79,0.76,KXHIGHTDAL-26AUG09-B98.5,0.9498,development,90-100%,3.157895,10.0,Dallas|station_verified=True,v3.0,266,6F+
0.0,Dallas,threshold,20pp+,RESEARCH_ONLY,2026-08-10,Dallas|2026-08-10|high,2-3d,<0.20,0.03,KXHIGHTDAL-26AUG09-T105,0.369441,development,30-39%,-10.0,10.0,Dallas|station_verified=True,v3.0,267,6F+
1.0,Houston,range,10-19pp,RESEARCH_ONLY,2026-08-10,Houston|2026-08-10|high,2-3d,0.80-1.00,0.82,KXHIGHTHOU-26AUG09-B90.5,0.9603,development,90-100%,2.195122,10.0,Houston|station_verified=True,v3.0,268,6F+
1.0,Houston,range,20pp+,RESEARCH_ONLY,2026-08-10,Houston|2026-08-10|high,2-3d,0.40-0.59,0.45,KXHIGHTHOU-26AUG09-B92.5,0.9474,development,90-100%,12.222222,10.0,Houston|station_verified=True,v3.0,269,6F+
0.0,Houston,range,10-19pp,RESEARCH_ONLY,2026-08-10,Houston|2026-08-10|high,2-3d,0.60-0.79,0.78,KXHIGHTHOU-26AUG09-B94.5,0.9375,development,90-100%,-10.0,10.0,Houston|station_verified=True,v3.0,270,6F+
0.0,Houston,threshold,20pp+,RESEARCH_ONLY,2026-08-10,Houston|2026-08-10|high,2-3d,<0.20,0.02,KXHIGHTHOU-26AUG09-T97,0.473424,development,40-49%,-10.0,10.0,Houston|station_verified=True,v3.0,271,6F+
1.0,Minneapolis,range,10-19pp,RESEARCH_ONLY,2026-08-10,Minneapolis|2026-08-10|high,2-3d,0.80-1.00,0.8,KXHIGHTMIN-26AUG09-B80.5,0.9959,validation,90-100%,2.5,10.0,Minneapolis|station_verified=True,v3.0,272,6F+
1.0,Minneapolis,range,20pp+,RESEARCH_ONLY,2026-08-10,Minneapolis|2026-08-10|high,2-3d,0.60-0.79,0.7,KXHIGHTMIN-26AUG09-B82.5,0.9916,validation,90-100%,4.285714,10.0,Minneapolis|station_verified=True,v3.0,273,6F+
1.0,Minneapolis,range,20pp+,RESEARCH_ONLY,2026-08-10,Minneapolis|2026-08-10|high,2-3d,0.60-0.79,0.74,KXHIGHTMIN-26AUG09-B84.5,0.9843,validation,90-100%,3.513514,10.0,Minneapolis|station_verified=True,v3.0,274,6F+
0.0,Minneapolis,threshold,20pp+,RESEARCH_ONLY,2026-08-10,Minneapolis|2026-08-10|high,2-3d,<0.20,0.04,KXHIGHTMIN-26AUG09-T87,0.900312,validation,90-100%,-10.0,10.0,Minneapolis|station_verified=True,v3.0,275,6F+
1.0,Oklahoma City,range,20pp+,RESEARCH_ONLY,2026-08-10,Oklahoma City|2026-08-10|high,2-3d,0.60-0.79,0.64,KXHIGHTOKC-26AUG09-B101.5,0.9603,validation,90-100%,5.625,10.0,Oklahoma City|station_verified=True,v3.0,276,6F+
0.0,Oklahoma City,range,20pp+,RESEARCH_ONLY,2026-08-10,Oklahoma City|2026-08-10|high,2-3d,0.60-0.79,0.72,KXHIGHTOKC-26AUG09-B103.5,0.9474,validation,90-100%,-10.0,10.0,Oklahoma City|station_verified=True,v3.0,277,6F+
1.0,Oklahoma City,range,10-19pp,RESEARCH_ONLY,2026-08-10,Oklahoma City|2026-08-10|high,2-3d,0.80-1.00,0.81,KXHIGHTOKC-26AUG09-B99.5,0.9732,validation,90-100%,2.345679,10.0,Oklahoma City|station_verified=True,v3.0,278,6F+
0.0,Oklahoma City,threshold,20pp+,RESEARCH_ONLY,2026-08-10,Oklahoma City|2026-08-10|high,2-3d,<0.20,0.03,KXHIGHTOKC-26AUG09-T106,0.605137,validation,60-69%,-10.0,10.0,Oklahoma City|station_verified=True,v3.0,279,6F+
0.0,Phoenix,range,10-19pp,RESEARCH_ONLY,2026-08-10,Phoenix|2026-08-10|high,2-3d,0.60-0.79,0.78,KXHIGHTPHX-26AUG09-B110.5,0.948,validation,90-100%,-10.0,10.0,Phoenix|station_verified=True,v3.0,280,6F+
1.0,Phoenix,range,20pp+,RESEARCH_ONLY,2026-08-10,Phoenix|2026-08-10|high,2-3d,0.40-0.59,0.55,KXHIGHTPHX-26AUG09-B112.5,0.961,validation,90-100%,8.181818,10.0,Phoenix|station_verified=True,v3.0,281,6F+
1.0,Phoenix,range,10-19pp,RESEARCH_ONLY,2026-08-10,Phoenix|2026-08-10|high,2-3d,0.80-1.00,0.83,KXHIGHTPHX-26AUG09-B114.5,0.9738,validation,90-100%,2.048193,10.0,Phoenix|station_verified=True,v3.0,282,6F+
0.0,Phoenix,threshold,20pp+,RESEARCH_ONLY,2026-08-10,Phoenix|2026-08-10|high,2-3d,<0.20,0.02,KXHIGHTPHX-26AUG09-T108,0.611539,validation,60-69%,-10.0,10.0,Phoenix|station_verified=True,v3.0,283,6F+
0.0,Seattle,range,20pp+,RESEARCH_ONLY,2026-08-10,Seattle|2026-08-10|high,2-3d,0.60-0.79,0.76,KXHIGHTSEA-26AUG09-B76.5,0.9657,validation,90-100%,-10.0,10.0,Seattle|station_verified=True,v3.0,284,6F+
1.0,Seattle,range,20pp+,RESEARCH_ONLY,2026-08-10,Seattle|2026-08-10|high,2-3d,0.60-0.79,0.69,KXHIGHTSEA-26AUG09-B78.5,0.9524,validation,90-100%,4.492754,10.0,Seattle|station_verified=True,v3.0,285,6F+
1.0,Seattle,range,10-19pp,RESEARCH_ONLY,2026-08-10,Seattle|2026-08-10|high,2-3d,0.60-0.79,0.79,KXHIGHTSEA-26AUG09-B80.5,0.9409,validation,90-100%,2.658228,10.0,Seattle|station_verified=True,v3.0,286,6F+
0.0,Seattle,threshold,20pp+,RESEARCH_ONLY,2026-08-10,Seattle|2026-08-10|high,2-3d,<0.20,0.03,KXHIGHTSEA-26AUG09-T83,0.526576,validation,50-59%,-10.0,10.0,Seattle|station_verified=True,v3.0,287,6F+
1.0,San Francisco,range,10-19pp,RESEARCH_ONLY,2026-08-10,San Francisco|2026-08-10|high,2-3d,0.80-1.00,0.85,KXHIGHTSFO-26AUG09-B76.5,0.9517,validation,90-100%,1.764706,10.0,San Francisco|station_verified=True,v3.0,288,6F+
1.0,San Francisco,range,20pp+,RESEARCH_ONLY,2026-08-10,San Francisco|2026-08-10|high,2-3d,0.60-0.79,0.76,KXHIGHTSFO-26AUG09-B78.5,0.965,validation,90-100%,3.157895,10.0,San Francisco|station_verified=True,v3.0,289,6F+
1.0,San Francisco,range,10-19pp,RESEARCH_ONLY,2026-08-10,San Francisco|2026-08-10|high,2-3d,0.60-0.79,0.78,KXHIGHTSFO-26AUG09-B80.5,0.9773,validation,90-100%,2.820513,10.0,San Francisco|station_verified=True,v3.0,290,6F+
1.0,San Francisco,threshold,20pp+,RESEARCH_ONLY,2026-08-10,San Francisco|2026-08-10|high,2-3d,<0.20,0.15,KXHIGHTSFO-26AUG09-T76,0.76321,validation,70-79%,56.666667,10.0,San Francisco|station_verified=True,v3.0,291,6F+
1.0,Boston,range,10-19pp,RESEARCH_ONLY,2026-08-10,Boston|2026-08-10|low,2-3d,0.60-0.79,0.78,KXLOWTBOS-26AUG09-B71.5,0.9524,development,90-100%,2.820513,10.0,Boston|station_verified=True,v3.0,292,6F+
0.0,Boston,threshold,20pp+,RESEARCH_ONLY,2026-08-10,Boston|2026-08-10|low,2-3d,<0.20,0.02,KXLOWTBOS-26AUG09-T65,0.394863,development,30-39%,-10.0,10.0,Boston|station_verified=True,v3.0,293,6F+
0.0,Boston,threshold,20pp+,RESEARCH_ONLY,2026-08-10,Boston|2026-08-10|low,2-3d,0.20-0.39,0.32,KXLOWTBOS-26AUG09-T72,0.8159,development,80-89%,-10.0,10.0,Boston|station_verified=True,v3.0,294,6F+
1.0,Chicago,range,20pp+,RESEARCH_ONLY,2026-08-10,Chicago|2026-08-10|low,2-3d,0.60-0.79,0.67,KXLOWTCHI-26AUG09-B65.5,0.9429,development,90-100%,4.925373,10.0,Chicago|station_verified=True,v3.0,295,6F+
0.0,Chicago,range,20pp+,RESEARCH_ONLY,2026-08-10,Chicago|2026-08-10|low,2-3d,0.60-0.79,0.61,KXLOWTCHI-26AUG09-B67.5,0.9351,development,90-100%,-10.0,10.0,Chicago|station_verified=True,v3.0,296,6F+
0.0,Chicago,threshold,20pp+,RESEARCH_ONLY,2026-08-10,Chicago|2026-08-10|low,2-3d,<0.20,0.17,KXLOWTCHI-26AUG09-T68,0.553035,development,50-59%,-10.0,10.0,Chicago|station_verified=True,v3.0,297,6F+
0.0,Dallas,range,20pp+,RESEARCH_ONLY,2026-08-10,Dallas|2026-08-10|low,2-3d,0.60-0.79,0.67,KXLOWTDAL-26AUG09-B78.5,0.9395,development,90-100%,-10.0,10.0,Dallas|station_verified=True,v3.0,298,6F+
1.0,Dallas,range,20pp+,RESEARCH_ONLY,2026-08-10,Dallas|2026-08-10|low,2-3d,0.60-0.79,0.62,KXLOWTDAL-26AUG09-B80.5,0.9339,development,90-100%,6.129032,10.0,Dallas|station_verified=True,v3.0,299,6F+
0.0,Dallas,threshold,20pp+,RESEARCH_ONLY,2026-08-10,Dallas|2026-08-10|low,2-3d,<0.20,0.11,KXLOWTDAL-26AUG09-T81,0.506649,development,50-59%,-10.0,10.0,Dallas|station_verified=True,v3.0,300,6F+
1.0,Denver,range,20pp+,RESEARCH_ONLY,2026-08-10,Denver|2026-08-10|low,2-3d,0.60-0.79,0.72,KXLOWTDEN-26AUG09-B65.5,0.9414,development,90-100%,3.888889,10.0,Denver|station_verified=True,v3.0,301,6F+
1.0,Denver,range,20pp+,RESEARCH_ONLY,2026-08-10,Denver|2026-08-10|low,2-3d,0.60-0.79,0.67,KXLOWTDEN-26AUG09-B67.5,0.9345,development,90-100%,4.925373,10.0,Denver|station_verified=True,v3.0,302,6F+
0.0,Denver,threshold,10-19pp,RESEARCH_ONLY,2026-08-10,Denver|2026-08-10|low,2-3d,<0.20,0.04,KXLOWTDEN-26AUG09-T63,0.179659,development,10-19%,-10.0,10.0,Denver|station_verified=True,v3.0,303,6F+
0.0,Denver,threshold,20pp+,RESEARCH_ONLY,2026-08-10,Denver|2026-08-10|low,2-3d,<0.20,0.06,KXLOWTDEN-26AUG09-T70,0.401294,development,40-49%,-10.0,10.0,Denver|station_verified=True,v3.0,304,6F+
1.0,Houston,range,10-19pp,RESEARCH_ONLY,2026-08-10,Houston|2026-08-10|low,2-3d,0.60-0.79,0.79,KXLOWTHOU-26AUG09-B76.5,0.9379,development,90-100%,2.658228,10.0,Houston|station_verified=True,v3.0,305,6F+
0.0,Houston,range,20pp+,RESEARCH_ONLY,2026-08-10,Houston|2026-08-10|low,2-3d,0.40-0.59,0.47,KXLOWTHOU-26AUG09-B78.5,0.9336,development,90-100%,-10.0,10.0,Houston|station_verified=True,v3.0,306,6F+
0.0,Houston,threshold,10-19pp,RESEARCH_ONLY,2026-08-10,Houston|2026-08-10|low,2-3d,<0.20,0.01,KXLOWTHOU-26AUG09-T72,0.132068,development,10-19%,-10.0,10.0,Houston|station_verified=True,v3.0,307,6F+
0.0,Houston,threshold,20pp+,RESEARCH_ONLY,2026-08-10,Houston|2026-08-10|low,2-3d,<0.20,0.19,KXLOWTHOU-26AUG09-T79,0.480061,development,40-49%,-10.0,10.0,Houston|station_verified=True,v3.0,308,6F+
0.0,Los Angeles,threshold,20pp+,RESEARCH_ONLY,2026-08-09,Los Angeles|2026-08-09|low,0-1d,<0.20,0.01,KXLOWTLAX-26AUG08-T68,0.326355,development,30-39%,-10.0,10.0,Los Angeles|station_verified=True,v3.0,309,6F+
1.0,Los Angeles,range,10-19pp,RESEARCH_ONLY,2026-08-10,Los Angeles|2026-08-10|low,2-3d,0.80-1.00,0.83,KXLOWTLAX-26AUG09-B66.5,0.934,development,90-100%,2.048193,10.0,Los Angeles|station_verified=True,v3.0,310,6F+
0.0,Los Angeles,range,20pp+,RESEARCH_ONLY,2026-08-10,Los Angeles|2026-08-10|low,2-3d,0.20-0.39,0.36,KXLOWTLAX-26AUG09-B68.5,0.94,development,90-100%,-10.0,10.0,Los Angeles|station_verified=True,v3.0,311,6F+
0.0,Los Angeles,threshold,20pp+,RESEARCH_ONLY,2026-08-10,Los Angeles|2026-08-10|low,2-3d,<0.20,0.02,KXLOWTLAX-26AUG09-T62,0.263258,development,20-29%,-10.0,10.0,Los Angeles|station_verified=True,v3.0,312,6F+
0.0,Los Angeles,threshold,10-19pp,RESEARCH_ONLY,2026-08-10,Los Angeles|2026-08-10|low,2-3d,<0.20,0.12,KXLOWTLAX-26AUG09-T69,0.296901,development,20-29%,-10.0,10.0,Los Angeles|station_verified=True,v3.0,313,6F+
1.0,Miami,range,20pp+,RESEARCH_ONLY,2026-08-10,Miami|2026-08-10|low,2-3d,0.60-0.79,0.72,KXLOWTMIA-26AUG09-B78.5,0.9336,validation,90-100%,3.888889,10.0,Miami|station_verified=True,v3.0,314,6F+
1.0,Miami,range,20pp+,RESEARCH_ONLY,2026-08-10,Miami|2026-08-10|low,2-3d,0.60-0.79,0.64,KXLOWTMIA-26AUG09-B80.5,0.9375,validation,90-100%,5.625,10.0,Miami|station_verified=True,v3.0,315,6F+
0.0,Miami,threshold,20pp+,RESEARCH_ONLY,2026-08-10,Miami|2026-08-10|low,2-3d,<0.20,0.05,KXLOWTMIA-26AUG09-T76,0.344578,validation,30-39%,-10.0,10.0,Miami|station_verified=True,v3.0,316,6F+
0.0,Miami,threshold,10-19pp,RESEARCH_ONLY,2026-08-10,Miami|2026-08-10|low,2-3d,<0.20,0.07,KXLOWTMIA-26AUG09-T83,0.22164,validation,20-29%,-10.0,10.0,Miami|station_verified=True,v3.0,317,6F+
1.0,Minneapolis,range,20pp+,RESEARCH_ONLY,2026-08-10,Minneapolis|2026-08-10|low,2-3d,0.60-0.79,0.6,KXLOWTMIN-26AUG09-B66.5,0.9345,validation,90-100%,6.666667,10.0,Minneapolis|station_verified=True,v3.0,318,6F+
1.0,Minneapolis,threshold,10-19pp,RESEARCH_ONLY,2026-08-10,Minneapolis|2026-08-10|low,2-3d,0.40-0.59,0.43,KXLOWTMIN-26AUG09-T67,0.533207,validation,50-59%,13.255814,10.0,Minneapolis|station_verified=True,v3.0,319,6F+
1.0,New York City,range,20pp+,RESEARCH_ONLY,2026-08-10,New York City|2026-08-10|low,2-3d,0.60-0.79,0.62,KXLOWTNYC-26AUG09-B73.5,0.9345,validation,90-100%,6.129032,10.0,New York City|station_verified=True,v3.0,320,6F+
0.0,New York City,range,20pp+,RESEARCH_ONLY,2026-08-10,New York City|2026-08-10|low,2-3d,0.60-0.79,0.64,KXLOWTNYC-26AUG09-B75.5,0.9414,validation,90-100%,-10.0,10.0,New York City|station_verified=True,v3.0,321,6F+
0.0,New York City,threshold,20pp+,RESEARCH_ONLY,2026-08-10,New York City|2026-08-10|low,2-3d,<0.20,0.02,KXLOWTNYC-26AUG09-T69,0.279834,validation,20-29%,-10.0,10.0,New York City|station_verified=True,v3.0,322,6F+
0.0,New York City,threshold,10-19pp,RESEARCH_ONLY,2026-08-10,New York City|2026-08-10|low,2-3d,<0.20,0.14,KXLOWTNYC-26AUG09-T76,0.279834,validation,20-29%,-10.0,10.0,New York City|station_verified=True,v3.0,323,6F+
1.0,Oklahoma City,range,10-19pp,RESEARCH_ONLY,2026-08-10,Oklahoma City|2026-08-10|low,2-3d,0.80-1.00,0.81,KXLOWTOKC-26AUG09-B69.5,0.9744,validation,90-100%,2.345679,10.0,Oklahoma City|station_verified=True,v3.0,324,6F+
0.0,Oklahoma City,range,20pp+,RESEARCH_ONLY,2026-08-10,Oklahoma City|2026-08-10|low,2-3d,0.60-0.79,0.7,KXLOWTOKC-26AUG09-B71.5,0.9617,validation,90-100%,-10.0,10.0,Oklahoma City|station_verified=True,v3.0,325,6F+
1.0,Oklahoma City,range,20pp+,RESEARCH_ONLY,2026-08-10,Oklahoma City|2026-08-10|low,2-3d,0.60-0.79,0.73,KXLOWTOKC-26AUG09-B73.5,0.9486,validation,90-100%,3.69863,10.0,Oklahoma City|station_verified=True,v3.0,326,6F+
0.0,Oklahoma City,threshold,20pp+,RESEARCH_ONLY,2026-08-10,Oklahoma City|2026-08-10|low,2-3d,<0.20,0.03,KXLOWTOKC-26AUG09-T76,0.617911,validation,60-69%,-10.0,10.0,Oklahoma City|station_verified=True,v3.0,327,6F+
1.0,Phoenix,range,10-19pp,RESEARCH_ONLY,2026-08-10,Phoenix|2026-08-10|low,2-3d,0.60-0.79,0.78,KXLOWTPHX-26AUG09-B88.5,0.959,validation,90-100%,2.820513,10.0,Phoenix|station_verified=True,v3.0,328,6F+
1.0,Phoenix,range,20pp+,RESEARCH_ONLY,2026-08-10,Phoenix|2026-08-10|low,2-3d,0.60-0.79,0.62,KXLOWTPHX-26AUG09-B90.5,0.972,validation,90-100%,6.129032,10.0,Phoenix|station_verified=True,v3.0,329,6F+
0.0,Phoenix,threshold,20pp+,RESEARCH_ONLY,2026-08-10,Phoenix|2026-08-10|low,2-3d,<0.20,0.04,KXLOWTPHX-26AUG09-T84,0.592249,validation,50-59%,-10.0,10.0,Phoenix|station_verified=True,v3.0,330,6F+
1.0,Phoenix,threshold,10-19pp,RESEARCH_ONLY,2026-08-10,Phoenix|2026-08-10|low,2-3d,0.60-0.79,0.76,KXLOWTPHX-26AUG09-T91,0.9192,validation,90-100%,3.157895,10.0,Phoenix|station_verified=True,v3.0,331,6F+
0.0,Seattle,range,20pp+,RESEARCH_ONLY,2026-08-10,Seattle|2026-08-10|low,2-3d,0.60-0.79,0.61,KXLOWTSEA-26AUG09-B55.5,0.9347,validation,90-100%,-10.0,10.0,Seattle|station_verified=True,v3.0,332,6F+
1.0,Seattle,range,20pp+,RESEARCH_ONLY,2026-08-10,Seattle|2026-08-10|low,2-3d,0.60-0.79,0.67,KXLOWTSEA-26AUG09-B57.5,0.9419,validation,90-100%,4.925373,10.0,Seattle|station_verified=True,v3.0,333,6F+
0.0,Seattle,threshold,20pp+,RESEARCH_ONLY,2026-08-10,Seattle|2026-08-10|low,2-3d,<0.20,0.02,KXLOWTSEA-26AUG09-T51,0.28547,validation,20-29%,-10.0,10.0,Seattle|station_verified=True,v3.0,334,6F+
0.0,Seattle,threshold,10-19pp,RESEARCH_ONLY,2026-08-10,Seattle|2026-08-10|low,2-3d,<0.20,0.14,KXLOWTSEA-26AUG09-T58,0.274253,validation,20-29%,-10.0,10.0,Seattle|station_verified=True,v3.0,335,6F+
1.0,San Francisco,range,20pp+,RESEARCH_ONLY,2026-08-10,San Francisco|2026-08-10|low,2-3d,0.20-0.39,0.39,KXLOWTSFO-26AUG09-B58.5,0.9342,validation,90-100%,15.641026,10.0,San Francisco|station_verified=True,v3.0,336,6F+
1.0,San Francisco,range,10-19pp,RESEARCH_ONLY,2026-08-10,San Francisco|2026-08-10|low,2-3d,0.80-1.00,0.82,KXLOWTSFO-26AUG09-B60.5,0.9404,validation,90-100%,2.195122,10.0,San Francisco|station_verified=True,v3.0,337,6F+
0.0,San Francisco,threshold,20pp+,RESEARCH_ONLY,2026-08-10,San Francisco|2026-08-10|low,2-3d,<0.20,0.01,KXLOWTSFO-26AUG09-T54,0.268727,validation,20-29%,-10.0,10.0,San Francisco|station_verified=True,v3.0,338,6F+
0.0,San Francisco,threshold,20pp+,RESEARCH_ONLY,2026-08-10,San Francisco|2026-08-10|low,2-3d,<0.20,0.03,KXLOWTSFO-26AUG09-T61,0.29116,validation,20-29%,-10.0,10.0,San Francisco|station_verified=True,v3.0,339,6F+
0.0,Dallas,threshold,10-19pp,RESEARCH_ONLY,2026-08-10,Dallas|2026-08-10|high,2-3d,<0.20,0.07,KXHIGHTDAL-26AUG09-T98,0.202328,development,20-29%,-10.0,10.0,Dallas|station_verified=True,v3.0,340,6F+
0.0,Denver,range,10-19pp,RESEARCH_ONLY,2026-08-10,Denver|2026-08-10|low,2-3d,0.80-1.00,0.8,KXLOWTDEN-26AUG09-B69.5,0.9345,development,90-100%,-10.0,10.0,Denver|station_verified=True,v3.0,341,6F+
0.0,Oklahoma City,range,20pp+,RESEARCH_ONLY,2026-08-09,Oklahoma City|2026-08-09|low,0-1d,<0.20,0.01,KXLOWTOKC-26AUG08-B68.5,0.9732,development,90-100%,-10.0,10.0,Oklahoma City|station_verified=True,v3.0,342,6F+
0.0,Los Angeles,threshold,10-19pp,RESEARCH_ONLY,2026-08-10,Los Angeles|2026-08-10|high,2-3d,<0.20,0.02,KXHIGHLAX-26AUG09-T75,0.128537,development,10-19%,-10.0,10.0,Los Angeles|station_verified=True,v3.0,343,6F+
0.0,Houston,threshold,10-19pp,RESEARCH_ONLY,2026-08-10,Houston|2026-08-10|high,2-3d,<0.20,0.05,KXHIGHTHOU-26AUG09-T90,0.166855,development,10-19%,-10.0,10.0,Houston|station_verified=True,v3.0,344,6F+
0.0,Dallas,threshold,20pp+,RESEARCH_ONLY,2026-08-10,Dallas|2026-08-10|low,2-3d,<0.20,0.03,KXLOWTDAL-26AUG09-T74,0.274253,development,20-29%,-10.0,10.0,Dallas|station_verified=True,v3.0,345,6F+
0.0,Denver,range,10-19pp,RESEARCH_ONLY,2026-08-09,Denver|2026-08-09|high,0-1d,<0.20,0.01,KXHIGHDEN-26AUG08-B96.5,0.123074,development,10-19%,-10.0,10.0,Denver|station_verified=True,v3.0,346,6F+
0.0,Dallas,range,10-19pp,RESEARCH_ONLY,2026-08-08,Dallas|2026-08-08|high,0-1d,<0.20,0.01,KXHIGHTDAL-26AUG07-B104.5,0.110746,development,10-19%,-10.0,10.0,Dallas|station_verified=True,v3.0,347,6F+
0.0,Dallas,range,10-19pp,RESEARCH_ONLY,2026-08-08,Dallas|2026-08-08|high,0-1d,<0.20,0.01,KXHIGHTDAL-26AUG07-B98.5,0.122281,development,10-19%,-10.0,10.0,Dallas|station_verified=True,v3.0,348,6F+
0.0,Dallas,range,10-19pp,RESEARCH_ONLY,2026-08-09,Dallas|2026-08-09|high,0-1d,<0.20,0.01,KXHIGHTDAL-26AUG08-B97.5,0.127207,development,10-19%,-10.0,10.0,Dallas|station_verified=True,v3.0,349,6F+
0.0,Minneapolis,range,10-19pp,RESEARCH_ONLY,2026-08-09,Minneapolis|2026-08-09|high,0-1d,<0.20,0.01,KXHIGHTMIN-26AUG08-B86.5,0.122281,development,10-19%,-10.0,10.0,Minneapolis|station_verified=True,v3.0,350,6F+
0.0,Oklahoma City,threshold,20pp+,RESEARCH_ONLY,2026-08-10,Oklahoma City|2026-08-10|high,0-1d,<0.20,0.05,KXHIGHTOKC-26AUG09-T99,0.268727,validation,20-29%,-10.0,10.0,Oklahoma City|station_verified=True,v3.0,351,6F+
0.0,Seattle,threshold,20pp+,RESEARCH_ONLY,2026-08-10,Seattle|2026-08-10|high,0-1d,<0.20,0.11,KXHIGHTSEA-26AUG09-T76,0.326355,validation,30-39%,-10.0,10.0,Seattle|station_verified=True,v3.0,352,6F+
0.0,Boston,range,10-19pp,RESEARCH_ONLY,2026-08-10,Boston|2026-08-10|low,0-1d,<0.20,0.02,KXLOWTBOS-26AUG09-B65.5,0.130182,development,10-19%,-10.0,10.0,Boston|station_verified=True,v3.0,353,6F+
0.0,Boston,range,10-19pp,RESEARCH_ONLY,2026-08-10,Boston|2026-08-10|low,0-1d,<0.20,0.02,KXLOWTBOS-26AUG09-B67.5,0.1309,development,10-19%,-10.0,10.0,Boston|station_verified=True,v3.0,354,6F+
0.0,Dallas,range,10-19pp,RESEARCH_ONLY,2026-08-09,Dallas|2026-08-09|low,0-1d,<0.20,0.01,KXLOWTDAL-26AUG08-B74.5,0.122281,development,10-19%,-10.0,10.0,Dallas|station_verified=True,v3.0,355,6F+
0.0,Dallas,range,10-19pp,RESEARCH_ONLY,2026-08-09,Dallas|2026-08-09|low,0-1d,<0.20,0.01,KXLOWTDAL-26AUG08-B76.5,0.132077,development,10-19%,-10.0,10.0,Dallas|station_verified=True,v3.0,356,6F+
0.0,Denver,range,10-19pp,RESEARCH_ONLY,2026-08-08,Denver|2026-08-08|low,0-1d,<0.20,0.01,KXLOWTDEN-26AUG07-B64.5,0.131913,development,10-19%,-10.0,10.0,Denver|station_verified=True,v3.0,357,6F+
0.0,Denver,threshold,10-19pp,RESEARCH_ONLY,2026-08-09,Denver|2026-08-09|low,0-1d,<0.20,0.04,KXLOWTDEN-26AUG08-T62,0.171056,development,10-19%,-10.0,10.0,Denver|station_verified=True,v3.0,358,6F+
0.0,Houston,range,10-19pp,RESEARCH_ONLY,2026-08-08,Houston|2026-08-08|low,0-1d,<0.20,0.01,KXLOWTHOU-26AUG07-B75.5,0.11497,development,10-19%,-10.0,10.0,Houston|station_verified=True,v3.0,359,6F+
0.0,Houston,range,10-19pp,RESEARCH_ONLY,2026-08-09,Houston|2026-08-09|low,0-1d,<0.20,0.01,KXLOWTHOU-26AUG08-B74.5,0.112901,development,10-19%,-10.0,10.0,Houston|station_verified=True,v3.0,360,6F+
0.0,Los Angeles,range,10-19pp,RESEARCH_ONLY,2026-08-08,Los Angeles|2026-08-08|low,0-1d,<0.20,0.01,KXLOWTLAX-26AUG06-B62.5,0.115971,development,10-19%,-10.0,10.0,Los Angeles|station_verified=True,v3.0,361,6F+
0.0,Los Angeles,range,10-19pp,RESEARCH_ONLY,2026-08-08,Los Angeles|2026-08-08|low,0-1d,<0.20,0.03,KXLOWTLAX-26AUG06-B64.5,0.130182,development,10-19%,-10.0,10.0,Los Angeles|station_verified=True,v3.0,362,6F+
0.0,Los Angeles,range,10-19pp,RESEARCH_ONLY,2026-08-08,Los Angeles|2026-08-08|low,0-1d,<0.20,0.01,KXLOWTLAX-26AUG07-B63.5,0.124574,development,10-19%,-10.0,10.0,Los Angeles|station_verified=True,v3.0,363,6F+
0.0,Los Angeles,range,10-19pp,RESEARCH_ONLY,2026-08-08,Los Angeles|2026-08-08|low,0-1d,<0.20,0.02,KXLOWTLAX-26AUG07-B65.5,0.132349,development,10-19%,-10.0,10.0,Los Angeles|station_verified=True,v3.0,364,6F+
0.0,Los Angeles,range,10-19pp,RESEARCH_ONLY,2026-08-09,Los Angeles|2026-08-09|low,0-1d,<0.20,0.01,KXLOWTLAX-26AUG08-B61.5,0.117902,development,10-19%,-10.0,10.0,Los Angeles|station_verified=True,v3.0,365,6F+
0.0,Los Angeles,range,10-19pp,RESEARCH_ONLY,2026-08-09,Los Angeles|2026-08-09|low,0-1d,<0.20,0.02,KXLOWTLAX-26AUG08-B63.5,0.1309,development,10-19%,-10.0,10.0,Los Angeles|station_verified=True,v3.0,366,6F+
0.0,Los Angeles,range,10-19pp,RESEARCH_ONLY,2026-08-09,Los Angeles|2026-08-09|low,0-1d,<0.20,0.03,KXLOWTLAX-26AUG08-B65.5,0.130182,development,10-19%,-10.0,10.0,Los Angeles|station_verified=True,v3.0,367,6F+
0.0,Los Angeles,range,10-19pp,RESEARCH_ONLY,2026-08-10,Los Angeles|2026-08-10|low,0-1d,<0.20,0.02,KXLOWTLAX-26AUG09-B62.5,0.121459,development,10-19%,-10.0,10.0,Los Angeles|station_verified=True,v3.0,368,6F+
0.0,Los Angeles,range,10-19pp,RESEARCH_ONLY,2026-08-10,Los Angeles|2026-08-10|low,0-1d,<0.20,0.02,KXLOWTLAX-26AUG09-B64.5,0.131913,development,10-19%,-10.0,10.0,Los Angeles|station_verified=True,v3.0,369,6F+
0.0,Minneapolis,threshold,10-19pp,RESEARCH_ONLY,2026-08-10,Minneapolis|2026-08-10|low,0-1d,<0.20,0.04,KXLOWTMIN-26AUG09-T60,0.231678,validation,20-29%,-10.0,10.0,Minneapolis|station_verified=True,v3.0,370,6F+
0.0,New York City,range,10-19pp,RESEARCH_ONLY,2026-08-10,New York City|2026-08-10|low,0-1d,<0.20,0.02,KXLOWTNYC-26AUG09-B69.5,0.127786,validation,10-19%,-10.0,10.0,New York City|station_verified=True,v3.0,371,6F+
0.0,New York City,range,10-19pp,RESEARCH_ONLY,2026-08-10,New York City|2026-08-10|low,0-1d,<0.20,0.03,KXLOWTNYC-26AUG09-B71.5,0.132077,validation,10-19%,-10.0,10.0,New York City|station_verified=True,v3.0,372,6F+
0.0,Oklahoma City,threshold,10-19pp,RESEARCH_ONLY,2026-08-09,Oklahoma City|2026-08-09|low,0-1d,<0.20,0.01,KXLOWTOKC-26AUG08-T68,0.13933,development,10-19%,-10.0,10.0,Oklahoma City|station_verified=True,v3.0,373,6F+
0.0,New York City,range,10-19pp,RESEARCH_ONLY,2026-08-09,New York City|2026-08-09|low,0-1d,<0.20,0.01,KXLOWTNYC-26AUG08-B69.5,0.112901,development,10-19%,-10.0,10.0,New York City|station_verified=True,v3.0,374,6F+
0.0,Minneapolis,range,10-19pp,RESEARCH_ONLY,2026-08-09,Minneapolis|2026-08-09|high,0-1d,<0.20,0.01,KXHIGHTMIN-26AUG08-B88.5,0.123074,development,10-19%,-10.0,10.0,Minneapolis|station_verified=True,v3.0,375,6F+
0.0,Denver,range,10-19pp,RESEARCH_ONLY,2026-08-11,Denver|2026-08-11|high,2-3d,0.60-0.79,0.76,KXHIGHDEN-26AUG10-B94.5,0.8986,validation,80-89%,-10.0,10.0,Denver|station_verified=True,v3.0,376,6F+
1.0,Denver,range,20pp+,RESEARCH_ONLY,2026-08-11,Denver|2026-08-11|high,2-3d,0.40-0.59,0.59,KXHIGHDEN-26AUG10-B96.5,0.8777,validation,80-89%,6.949153,10.0,Denver|station_verified=True,v3.0,377,6F+
0.0,Denver,threshold,10-19pp,RESEARCH_ONLY,2026-08-11,Denver|2026-08-11|high,2-3d,<0.20,0.03,KXHIGHDEN-26AUG10-T92,0.143061,validation,10-19%,-10.0,10.0,Denver|station_verified=True,v3.0,378,6F+
0.0,Denver,threshold,20pp+,RESEARCH_ONLY,2026-08-11,Denver|2026-08-11|high,2-3d,<0.20,0.06,KXHIGHDEN-26AUG10-T99,0.526576,validation,50-59%,-10.0,10.0,Denver|station_verified=True,v3.0,379,6F+
0.0,Miami,range,20pp+,RESEARCH_ONLY,2026-08-11,Miami|2026-08-11|high,2-3d,0.40-0.59,0.44,KXHIGHMIA-26AUG10-B92.5,0.8712,validation,80-89%,-10.0,10.0,Miami|station_verified=True,v3.0,380,6F+
1.0,Miami,range,10-19pp,RESEARCH_ONLY,2026-08-11,Miami|2026-08-11|high,2-3d,0.60-0.79,0.68,KXHIGHMIA-26AUG10-B94.5,0.8683,validation,80-89%,4.705882,10.0,Miami|station_verified=True,v3.0,381,6F+
0.0,Miami,threshold,10-19pp,RESEARCH_ONLY,2026-08-11,Miami|2026-08-11|high,2-3d,<0.20,0.03,KXHIGHMIA-26AUG10-T88,0.143061,validation,10-19%,-10.0,10.0,Miami|station_verified=True,v3.0,382,6F+
0.0,Miami,threshold,20pp+,RESEARCH_ONLY,2026-08-11,Miami|2026-08-11|high,2-3d,<0.20,0.05,KXHIGHMIA-26AUG10-T95,0.394863,validation,30-39%,-10.0,10.0,Miami|station_verified=True,v3.0,383,6F+
1.0,Dallas,range,10-19pp,RESEARCH_ONLY,2026-08-11,Dallas|2026-08-11|high,2-3d,0.80-1.00,0.82,KXHIGHTDAL-26AUG10-B97.5,0.9247,validation,90-100%,2.195122,10.0,Dallas|station_verified=True,v3.0,384,6F+
0.0,Dallas,range,20pp+,RESEARCH_ONLY,2026-08-11,Dallas|2026-08-11|high,2-3d,0.40-0.59,0.52,KXHIGHTDAL-26AUG10-B99.5,0.8986,validation,80-89%,-10.0,10.0,Dallas|station_verified=True,v3.0,385,6F+
0.0,Dallas,threshold,20pp+,RESEARCH_ONLY,2026-08-11,Dallas|2026-08-11|high,2-3d,<0.20,0.03,KXHIGHTDAL-26AUG10-T104,0.526576,validation,50-59%,-10.0,10.0,Dallas|station_verified=True,v3.0,386,6F+
0.0,Dallas,range,20pp+,RESEARCH_ONLY,2026-08-11,Dallas|2026-08-11|low,2-3d,0.40-0.59,0.51,KXLOWTDAL-26AUG10-B79.5,0.8702,validation,80-89%,-10.0,10.0,Dallas|station_verified=True,v3.0,387,6F+
0.0,Dallas,threshold,20pp+,RESEARCH_ONLY,2026-08-11,Dallas|2026-08-11|low,2-3d,0.20-0.39,0.28,KXLOWTDAL-26AUG10-T80,0.57926,validation,50-59%,-10.0,10.0,Dallas|station_verified=True,v3.0,388,6F+
1.0,Houston,range,20pp+,RESEARCH_ONLY,2026-08-11,Houston|2026-08-11|low,2-3d,0.60-0.79,0.62,KXLOWTHOU-26AUG10-B77.5,0.8728,validation,80-89%,6.129032,10.0,Houston|station_verified=True,v3.0,389,6F+
1.0,Houston,range,20pp+,RESEARCH_ONLY,2026-08-11,Houston|2026-08-11|low,2-3d,0.60-0.79,0.62,KXLOWTHOU-26AUG10-B79.5,0.8904,validation,80-89%,6.129032,10.0,Houston|station_verified=True,v3.0,390,6F+
0.0,Houston,threshold,20pp+,RESEARCH_ONLY,2026-08-11,Houston|2026-08-11|low,2-3d,<0.20,0.01,KXLOWTHOU-26AUG10-T73,0.350736,validation,30-39%,-10.0,10.0,Houston|station_verified=True,v3.0,391,6F+
0.0,Houston,threshold,10-19pp,RESEARCH_ONLY,2026-08-11,Houston|2026-08-11|low,2-3d,<0.20,0.1,KXLOWTHOU-26AUG10-T80,0.268727,validation,20-29%,-10.0,10.0,Houston|station_verified=True,v3.0,392,6F+
0.0,New York City,range,10-19pp,RESEARCH_ONLY,2026-08-11,New York City|2026-08-11|low,2-3d,0.60-0.79,0.71,KXLOWTNYC-26AUG10-B71.5,0.8677,validation,80-89%,-10.0,10.0,New York City|station_verified=True,v3.0,393,6F+
1.0,New York City,range,20pp+,RESEARCH_ONLY,2026-08-11,New York City|2026-08-11|low,2-3d,0.60-0.79,0.64,KXLOWTNYC-26AUG10-B73.5,0.874,validation,80-89%,5.625,10.0,New York City|station_verified=True,v3.0,394,6F+
0.0,New York City,threshold,20pp+,RESEARCH_ONLY,2026-08-11,New York City|2026-08-11|low,2-3d,<0.20,0.04,KXLOWTNYC-26AUG10-T69,0.363169,validation,30-39%,-10.0,10.0,New York City|station_verified=True,v3.0,395,6F+
0.0,New York City,threshold,10-19pp,RESEARCH_ONLY,2026-08-11,New York City|2026-08-11|low,2-3d,<0.20,0.1,KXLOWTNYC-26AUG10-T76,0.257846,validation,20-29%,-10.0,10.0,New York City|station_verified=True,v3.0,396,6F+
0.0,Miami,range,10-19pp,RESEARCH_ONLY,2026-08-10,Miami|2026-08-10|high,0-1d,<0.20,0.01,KXHIGHMIA-26AUG09-B89.5,0.116949,development,10-19%,-10.0,10.0,Miami|station_verified=True,v3.0,397,6F+
0.0,Dallas,threshold,10-19pp,RESEARCH_ONLY,2026-08-11,Dallas|2026-08-11|high,2-3d,<0.20,0.04,KXHIGHTDAL-26AUG10-T97,0.143061,validation,10-19%,-10.0,10.0,Dallas|station_verified=True,v3.0,398,6F+
1.0,Dallas,range,10-19pp,RESEARCH_ONLY,2026-08-11,Dallas|2026-08-11|low,2-3d,0.60-0.79,0.72,KXLOWTDAL-26AUG10-B77.5,0.885,validation,80-89%,3.888889,10.0,Dallas|station_verified=True,v3.0,399,6F+
0.0,Denver,range,10-19pp,RESEARCH_ONLY,2026-08-11,Denver|2026-08-11|low,2-3d,0.60-0.79,0.74,KXLOWTDEN-26AUG10-B65.5,0.8717,validation,80-89%,-10.0,10.0,Denver|station_verified=True,v3.0,400,6F+
1.0,Denver,range,10-19pp,RESEARCH_ONLY,2026-08-11,Denver|2026-08-11|low,2-3d,0.60-0.79,0.76,KXLOWTDEN-26AUG10-B67.5,0.8681,validation,80-89%,3.157895,10.0,Denver|station_verified=True,v3.0,401,6F+
0.0,Denver,threshold,10-19pp,RESEARCH_ONLY,2026-08-11,Denver|2026-08-11|low,2-3d,<0.20,0.04,KXLOWTDEN-26AUG10-T61,0.179659,validation,10-19%,-10.0,10.0,Denver|station_verified=True,v3.0,402,6F+
0.0,Denver,threshold,20pp+,RESEARCH_ONLY,2026-08-11,Denver|2026-08-11|low,2-3d,<0.20,0.18,KXLOWTDEN-26AUG10-T68,0.466793,validation,40-49%,-10.0,10.0,Denver|station_verified=True,v3.0,403,6F+
0.0,Los Angeles,range,10-19pp,RESEARCH_ONLY,2026-08-11,Los Angeles|2026-08-11|low,2-3d,<0.20,0.02,KXLOWTLAX-26AUG10-B63.5,0.125953,validation,10-19%,-10.0,10.0,Los Angeles|station_verified=True,v3.0,404,6F+
0.0,Los Angeles,range,10-19pp,RESEARCH_ONLY,2026-08-11,Los Angeles|2026-08-11|low,2-3d,<0.20,0.03,KXLOWTLAX-26AUG10-B65.5,0.132349,validation,10-19%,-10.0,10.0,Los Angeles|station_verified=True,v3.0,405,6F+
1.0,Los Angeles,range,20pp+,RESEARCH_ONLY,2026-08-11,Los Angeles|2026-08-11|low,2-3d,0.40-0.59,0.51,KXLOWTLAX-26AUG10-B67.5,0.8754,validation,80-89%,9.607843,10.0,Los Angeles|station_verified=True,v3.0,406,6F+
0.0,Los Angeles,threshold,20pp+,RESEARCH_ONLY,2026-08-11,Los Angeles|2026-08-11|low,2-3d,<0.20,0.01,KXLOWTLAX-26AUG10-T61,0.257846,validation,20-29%,-10.0,10.0,Los Angeles|station_verified=True,v3.0,407,6F+
0.0,Oklahoma City,range,10-19pp,RESEARCH_ONLY,2026-08-10,Oklahoma City|2026-08-10|low,0-1d,<0.20,0.01,KXLOWTOKC-26AUG09-B75.5,0.128332,validation,10-19%,-10.0,10.0,Oklahoma City|station_verified=True,v3.0,408,6F+
1.0,Oklahoma City,range,10-19pp,RESEARCH_ONLY,2026-08-11,Oklahoma City|2026-08-11|low,2-3d,0.80-1.00,0.82,KXLOWTOKC-26AUG10-B70.5,0.9463,validation,90-100%,2.195122,10.0,Oklahoma City|station_verified=True,v3.0,409,6F+
1.0,Oklahoma City,range,20pp+,RESEARCH_ONLY,2026-08-11,Oklahoma City|2026-08-11|low,2-3d,0.60-0.79,0.61,KXLOWTOKC-26AUG10-B72.5,0.9207,validation,90-100%,6.393443,10.0,Oklahoma City|station_verified=True,v3.0,410,6F+
0.0,Oklahoma City,range,10-19pp,RESEARCH_ONLY,2026-08-11,Oklahoma City|2026-08-11|low,2-3d,0.60-0.79,0.7,KXLOWTOKC-26AUG10-B74.5,0.895,validation,80-89%,-10.0,10.0,Oklahoma City|station_verified=True,v3.0,411,6F+
0.0,Oklahoma City,threshold,20pp+,RESEARCH_ONLY,2026-08-11,Oklahoma City|2026-08-11|low,2-3d,<0.20,0.03,KXLOWTOKC-26AUG10-T77,0.636831,validation,60-69%,-10.0,10.0,Oklahoma City|station_verified=True,v3.0,412,6F+
0.0,San Francisco,range,10-19pp,RESEARCH_ONLY,2026-08-10,San Francisco|2026-08-10|low,0-1d,<0.20,0.03,KXLOWTSFO-26AUG09-B54.5,0.130182,validation,10-19%,-10.0,10.0,San Francisco|station_verified=True,v3.0,413,6F+
0.0,Denver,range,10-19pp,RESEARCH_ONLY,2026-08-10,Denver|2026-08-10|high,0-1d,<0.20,0.01,KXHIGHDEN-26AUG09-B94.5,0.129771,development,10-19%,-10.0,10.0,Denver|station_verified=True,v3.0,414,6F+
0.0,Los Angeles,range,10-19pp,RESEARCH_ONLY,2026-08-10,Los Angeles|2026-08-10|high,0-1d,<0.20,0.03,KXHIGHLAX-26AUG09-B75.5,0.130559,development,10-19%,-10.0,10.0,Los Angeles|station_verified=True,v3.0,415,6F+
0.0,Minneapolis,range,20pp+,RESEARCH_ONLY,2026-08-10,Minneapolis|2026-08-10|high,0-1d,<0.20,0.01,KXHIGHTMIN-26AUG09-B86.5,0.8794,validation,80-89%,-10.0,10.0,Minneapolis|station_verified=True,v3.0,416,6F+
0.0,Minneapolis,range,20pp+,RESEARCH_ONLY,2026-08-11,Minneapolis|2026-08-11|high,0-1d,0.40-0.59,0.55,KXHIGHTMIN-26AUG10-B85.5,0.8926,validation,80-89%,-10.0,10.0,Minneapolis|station_verified=True,v3.0,417,6F+
1.0,Minneapolis,range,10-19pp,RESEARCH_ONLY,2026-08-11,Minneapolis|2026-08-11|high,0-1d,0.60-0.79,0.74,KXHIGHTMIN-26AUG10-B87.5,0.874,validation,80-89%,3.513514,10.0,Minneapolis|station_verified=True,v3.0,418,6F+
0.0,Minneapolis,threshold,20pp+,RESEARCH_ONLY,2026-08-11,Minneapolis|2026-08-11|high,0-1d,<0.20,0.02,KXHIGHTMIN-26AUG10-T90,0.493351,validation,40-49%,-10.0,10.0,Minneapolis|station_verified=True,v3.0,419,6F+
0.0,Dallas,threshold,10-19pp,RESEARCH_ONLY,2026-08-11,Dallas|2026-08-11|low,0-1d,<0.20,0.02,KXLOWTDAL-26AUG10-T73,0.18406,validation,10-19%,-10.0,10.0,Dallas|station_verified=True,v3.0,420,6F+
0.0,Los Angeles,threshold,20pp+,RESEARCH_ONLY,2026-08-11,Los Angeles|2026-08-11|low,0-1d,0.20-0.39,0.28,KXLOWTLAX-26AUG10-T68,0.6493,validation,60-69%,-10.0,10.0,Los Angeles|station_verified=True,v3.0,421,6F+
0.0,Dallas,range,10-19pp,RESEARCH_ONLY,2026-08-10,Dallas|2026-08-10|high,0-1d,<0.20,0.01,KXHIGHTDAL-26AUG09-B102.5,0.112901,development,10-19%,-10.0,10.0,Dallas|station_verified=True,v3.0,422,6F+
0.0,Dallas,range,10-19pp,RESEARCH_ONLY,2026-08-10,Dallas|2026-08-10|low,0-1d,<0.20,0.01,KXLOWTDAL-26AUG09-B76.5,0.118831,development,10-19%,-10.0,10.0,Dallas|station_verified=True,v3.0,423,6F+
0.0,Houston,range,10-19pp,RESEARCH_ONLY,2026-08-10,Houston|2026-08-10|low,0-1d,<0.20,0.01,KXLOWTHOU-26AUG09-B74.5,0.11497,development,10-19%,-10.0,10.0,Houston|station_verified=True,v3.0,424,6F+
0.0,Denver,range,10-19pp,RESEARCH_ONLY,2026-08-10,Denver|2026-08-10|low,0-1d,<0.20,0.01,KXLOWTDEN-26AUG09-B63.5,0.113946,development,10-19%,-10.0,10.0,Denver|station_verified=True,v3.0,425,6F+
0.0,Houston,range,10-19pp,RESEARCH_ONLY,2026-08-10,Houston|2026-08-10|low,0-1d,<0.20,0.01,KXLOWTHOU-26AUG09-B72.5,0.110746,development,10-19%,-10.0,10.0,Houston|station_verified=True,v3.0,426,6F+
0.0,Oklahoma City,threshold,10-19pp,RESEARCH_ONLY,2026-08-10,Oklahoma City|2026-08-10|low,0-1d,<0.20,0.04,KXLOWTOKC-26AUG09-T69,0.146859,validation,10-19%,-10.0,10.0,Oklahoma City|station_verified=True,v3.0,427,6F+
0.0,New York City,range,10-19pp,RESEARCH_ONLY,2026-08-11,New York City|2026-08-11|low,0-1d,<0.20,0.02,KXLOWTNYC-26AUG10-B69.5,0.128332,validation,10-19%,-10.0,10.0,New York City|station_verified=True,v3.0,428,6F+
0.0,Oklahoma City,range,10-19pp,RESEARCH_ONLY,2026-08-11,Oklahoma City|2026-08-11|low,0-1d,<0.20,0.01,KXLOWTOKC-26AUG10-B76.5,0.127207,validation,10-19%,-10.0,10.0,Oklahoma City|station_verified=True,v3.0,429,6F+
1.0,Denver,range,20pp+,RESEARCH_ONLY,2026-08-12,Denver|2026-08-12|high,2-3d,0.60-0.79,0.65,KXHIGHDEN-26AUG11-B95.5,0.8762,holdout,80-89%,5.384615,10.0,Denver|station_verified=True,v3.0,430,6F+
0.0,Denver,range,20pp+,RESEARCH_ONLY,2026-08-12,Denver|2026-08-12|high,2-3d,0.60-0.79,0.66,KXHIGHDEN-26AUG11-B97.5,0.8962,holdout,80-89%,-10.0,10.0,Denver|station_verified=True,v3.0,431,6F+
0.0,Denver,threshold,10-19pp,RESEARCH_ONLY,2026-08-12,Denver|2026-08-12|high,2-3d,<0.20,0.03,KXHIGHDEN-26AUG11-T100,0.150724,holdout,10-19%,-10.0,10.0,Denver|station_verified=True,v3.0,432,6F+
0.0,Denver,threshold,20pp+,RESEARCH_ONLY,2026-08-12,Denver|2026-08-12|high,2-3d,<0.20,0.04,KXHIGHDEN-26AUG11-T93,0.513296,holdout,50-59%,-10.0,10.0,Denver|station_verified=True,v3.0,433,6F+
0.0,Miami,range,10-19pp,RESEARCH_ONLY,2026-08-11,Miami|2026-08-11|high,0-1d,<0.20,0.01,KXHIGHMIA-26AUG10-B88.5,0.11497,validation,10-19%,-10.0,10.0,Miami|station_verified=True,v3.0,434,6F+
0.0,Miami,range,10-19pp,RESEARCH_ONLY,2026-08-11,Miami|2026-08-11|high,0-1d,<0.20,0.02,KXHIGHMIA-26AUG10-B90.5,0.129771,validation,10-19%,-10.0,10.0,Miami|station_verified=True,v3.0,435,6F+
1.0,Miami,range,20pp+,RESEARCH_ONLY,2026-08-12,Miami|2026-08-12|high,2-3d,0.40-0.59,0.43,KXHIGHMIA-26AUG11-B92.5,0.8722,holdout,80-89%,13.255814,10.0,Miami|station_verified=True,v3.0,436,6F+
0.0,Miami,range,10-19pp,RESEARCH_ONLY,2026-08-12,Miami|2026-08-12|high,2-3d,0.60-0.79,0.71,KXHIGHMIA-26AUG11-B94.5,0.8679,holdout,80-89%,-10.0,10.0,Miami|station_verified=True,v3.0,437,6F+
0.0,Miami,threshold,10-19pp,RESEARCH_ONLY,2026-08-12,Miami|2026-08-12|high,2-3d,<0.20,0.01,KXHIGHMIA-26AUG11-T88,0.135666,holdout,10-19%,-10.0,10.0,Miami|station_verified=True,v3.0,438,6F+
0.0,Miami,threshold,20pp+,RESEARCH_ONLY,2026-08-12,Miami|2026-08-12|high,2-3d,<0.20,0.05,KXHIGHMIA-26AUG11-T95,0.407751,holdout,40-49%,-10.0,10.0,Miami|station_verified=True,v3.0,439,6F+
1.0,Dallas,range,20pp+,RESEARCH_ONLY,2026-08-11,Dallas|2026-08-11|high,0-1d,0.60-0.79,0.68,KXHIGHTDAL-26AUG10-B101.5,0.8915,validation,80-89%,4.705882,10.0,Dallas|station_verified=True,v3.0,440,6F+
0.0,Dallas,range,20pp+,RESEARCH_ONLY,2026-08-12,Dallas|2026-08-12|high,2-3d,0.40-0.59,0.5,KXHIGHTDAL-26AUG11-B100.5,0.8926,validation,80-89%,-10.0,10.0,Dallas|station_verified=True,v3.0,441,6F+
0.0,Dallas,threshold,20pp+,RESEARCH_ONLY,2026-08-12,Dallas|2026-08-12|high,2-3d,<0.20,0.02,KXHIGHTDAL-26AUG11-T105,0.493351,validation,40-49%,-10.0,10.0,Dallas|station_verified=True,v3.0,442,6F+
0.0,Dallas,threshold,10-19pp,RESEARCH_ONLY,2026-08-12,Dallas|2026-08-12|high,2-3d,<0.20,0.05,KXHIGHTDAL-26AUG11-T98,0.162722,validation,10-19%,-10.0,10.0,Dallas|station_verified=True,v3.0,443,6F+
0.0,Dallas,range,10-19pp,RESEARCH_ONLY,2026-08-10,Dallas|2026-08-10|low,0-1d,<0.20,0.01,KXLOWTDAL-26AUG09-B74.5,0.111834,development,10-19%,-10.0,10.0,Dallas|station_verified=True,v3.0,444,6F+
0.0,Dallas,range,20pp+,RESEARCH_ONLY,2026-08-12,Dallas|2026-08-12|low,2-3d,0.60-0.79,0.62,KXLOWTDAL-26AUG11-B78.5,0.8794,validation,80-89%,-10.0,10.0,Dallas|station_verified=True,v3.0,445,6F+
1.0,Dallas,range,20pp+,RESEARCH_ONLY,2026-08-12,Dallas|2026-08-12|low,2-3d,0.60-0.79,0.62,KXLOWTDAL-26AUG11-B80.5,0.8683,validation,80-89%,6.129032,10.0,Dallas|station_verified=True,v3.0,446,6F+
0.0,Dallas,threshold,10-19pp,RESEARCH_ONLY,2026-08-12,Dallas|2026-08-12|low,2-3d,<0.20,0.02,KXLOWTDAL-26AUG11-T74,0.135666,validation,10-19%,-10.0,10.0,Dallas|station_verified=True,v3.0,447,6F+
0.0,Dallas,threshold,20pp+,RESEARCH_ONLY,2026-08-12,Dallas|2026-08-12|low,2-3d,<0.20,0.08,KXLOWTDAL-26AUG11-T81,0.539828,validation,50-59%,-10.0,10.0,Dallas|station_verified=True,v3.0,448,6F+
0.0,Houston,range,20pp+,RESEARCH_ONLY,2026-08-12,Houston|2026-08-12|low,2-3d,0.40-0.59,0.59,KXLOWTHOU-26AUG11-B77.5,0.8698,holdout,80-89%,-10.0,10.0,Houston|station_verified=True,v3.0,449,6F+
1.0,Houston,range,20pp+,RESEARCH_ONLY,2026-08-12,Houston|2026-08-12|low,2-3d,0.60-0.79,0.66,KXLOWTHOU-26AUG11-B79.5,0.8691,holdout,80-89%,5.151515,10.0,Houston|station_verified=True,v3.0,450,6F+
0.0,Houston,threshold,10-19pp,RESEARCH_ONLY,2026-08-12,Houston|2026-08-12|low,2-3d,<0.20,0.02,KXLOWTHOU-26AUG11-T73,0.197663,holdout,10-19%,-10.0,10.0,Houston|station_verified=True,v3.0,451,6F+
0.0,Houston,threshold,20pp+,RESEARCH_ONLY,2026-08-12,Houston|2026-08-12|low,2-3d,<0.20,0.1,KXLOWTHOU-26AUG11-T80,0.440382,holdout,40-49%,-10.0,10.0,Houston|station_verified=True,v3.0,452,6F+
0.0,Los Angeles,range,10-19pp,RESEARCH_ONLY,2026-08-12,Los Angeles|2026-08-12|low,2-3d,<0.20,0.03,KXLOWTLAX-26AUG11-B65.5,0.131207,holdout,10-19%,-10.0,10.0,Los Angeles|station_verified=True,v3.0,453,6F+
1.0,Los Angeles,range,10-19pp,RESEARCH_ONLY,2026-08-12,Los Angeles|2026-08-12|low,2-3d,0.60-0.79,0.69,KXLOWTLAX-26AUG11-B67.5,0.8702,holdout,80-89%,4.492754,10.0,Los Angeles|station_verified=True,v3.0,454,6F+
0.0,Los Angeles,threshold,10-19pp,RESEARCH_ONLY,2026-08-12,Los Angeles|2026-08-12|low,2-3d,<0.20,0.02,KXLOWTLAX-26AUG11-T61,0.211855,holdout,20-29%,-10.0,10.0,Los Angeles|station_verified=True,v3.0,455,6F+
0.0,Los Angeles,threshold,20pp+,RESEARCH_ONLY,2026-08-12,Los Angeles|2026-08-12|low,2-3d,0.20-0.39,0.37,KXLOWTLAX-26AUG11-T68,0.5793,holdout,50-59%,-10.0,10.0,Los Angeles|station_verified=True,v3.0,456,6F+
0.0,New York City,range,10-19pp,RESEARCH_ONLY,2026-08-11,New York City|2026-08-11|low,0-1d,<0.20,0.01,KXLOWTNYC-26AUG10-B75.5,0.116949,validation,10-19%,-10.0,10.0,New York City|station_verified=True,v3.0,457,6F+
0.0,New York City,range,10-19pp,RESEARCH_ONLY,2026-08-12,New York City|2026-08-12|low,2-3d,0.60-0.79,0.7,KXLOWTNYC-26AUG11-B71.5,0.8685,holdout,80-89%,-10.0,10.0,New York City|station_verified=True,v3.0,458,6F+
1.0,New York City,range,20pp+,RESEARCH_ONLY,2026-08-12,New York City|2026-08-12|low,2-3d,0.60-0.79,0.61,KXLOWTNYC-26AUG11-B73.5,0.8707,holdout,80-89%,6.393443,10.0,New York City|station_verified=True,v3.0,459,6F+
0.0,New York City,threshold,20pp+,RESEARCH_ONLY,2026-08-12,New York City|2026-08-12|low,2-3d,<0.20,0.04,KXLOWTNYC-26AUG11-T69,0.326355,holdout,30-39%,-10.0,10.0,New York City|station_verified=True,v3.0,460,6F+
0.0,New York City,threshold,20pp+,RESEARCH_ONLY,2026-08-12,New York City|2026-08-12|low,2-3d,<0.20,0.04,KXLOWTNYC-26AUG11-T76,0.29116,holdout,20-29%,-10.0,10.0,New York City|station_verified=True,v3.0,461,6F+
1.0,Denver,range,10-19pp,RESEARCH_ONLY,2026-08-11,Denver|2026-08-11|high,0-1d,0.60-0.79,0.77,KXHIGHDEN-26AUG10-B92.5,0.8747,validation,80-89%,2.987013,10.0,Denver|station_verified=True,v3.0,462,6F+
1.0,Dallas,range,10-19pp,RESEARCH_ONLY,2026-08-12,Dallas|2026-08-12|high,2-3d,0.60-0.79,0.77,KXHIGHTDAL-26AUG11-B98.5,0.918,validation,90-100%,2.987013,10.0,Dallas|station_verified=True,v3.0,463,6F+
0.0,Dallas,range,10-19pp,RESEARCH_ONLY,2026-08-11,Dallas|2026-08-11|low,0-1d,<0.20,0.01,KXLOWTDAL-26AUG10-B75.5,0.123074,validation,10-19%,-10.0,10.0,Dallas|station_verified=True,v3.0,464,6F+
1.0,Denver,range,20pp+,RESEARCH_ONLY,2026-08-12,Denver|2026-08-12|low,2-3d,0.60-0.79,0.67,KXLOWTDEN-26AUG11-B65.5,0.8861,holdout,80-89%,4.925373,10.0,Denver|station_verified=True,v3.0,465,6F+
1.0,Denver,range,10-19pp,RESEARCH_ONLY,2026-08-12,Denver|2026-08-12|low,2-3d,0.60-0.79,0.73,KXLOWTDEN-26AUG11-B67.5,0.9101,holdout,90-100%,3.69863,10.0,Denver|station_verified=True,v3.0,466,6F+
0.0,Denver,threshold,20pp+,RESEARCH_ONLY,2026-08-12,Denver|2026-08-12|low,2-3d,<0.20,0.05,KXLOWTDEN-26AUG11-T63,0.585766,holdout,50-59%,-10.0,10.0,Denver|station_verified=True,v3.0,467,6F+
0.0,Denver,range,10-19pp,RESEARCH_ONLY,2026-08-11,Denver|2026-08-11|high,0-1d,<0.20,0.01,KXHIGHDEN-26AUG10-B98.5,0.122281,validation,10-19%,-10.0,10.0,Denver|station_verified=True,v3.0,468,6F+
0.0,Minneapolis,threshold,10-19pp,RESEARCH_ONLY,2026-08-10,Minneapolis|2026-08-10|high,0-1d,<0.20,0.01,KXHIGHTMIN-26AUG09-T80,0.135666,validation,10-19%,-10.0,10.0,Minneapolis|station_verified=True,v3.0,469,6F+
0.0,Minneapolis,range,10-19pp,RESEARCH_ONLY,2026-08-11,Minneapolis|2026-08-11|high,0-1d,<0.20,0.01,KXHIGHTMIN-26AUG10-B83.5,0.129771,validation,10-19%,-10.0,10.0,Minneapolis|station_verified=True,v3.0,470,6F+
0.0,Minneapolis,threshold,20pp+,RESEARCH_ONLY,2026-08-11,Minneapolis|2026-08-11|high,0-1d,<0.20,0.01,KXHIGHTMIN-26AUG10-T83,0.42074,validation,40-49%,-10.0,10.0,Minneapolis|station_verified=True,v3.0,471,6F+
1.0,Minneapolis,range,20pp+,RESEARCH_ONLY,2026-08-12,Minneapolis|2026-08-12|high,2-3d,0.60-0.79,0.62,KXHIGHTMIN-26AUG11-B86.5,0.922,holdout,90-100%,6.129032,10.0,Minneapolis|station_verified=True,v3.0,472,6F+
0.0,Minneapolis,range,20pp+,RESEARCH_ONLY,2026-08-12,Minneapolis|2026-08-12|high,2-3d,0.40-0.59,0.57,KXHIGHTMIN-26AUG11-B88.5,0.8962,holdout,80-89%,-10.0,10.0,Minneapolis|station_verified=True,v3.0,473,6F+
0.0,Minneapolis,threshold,20pp+,RESEARCH_ONLY,2026-08-12,Minneapolis|2026-08-12|high,2-3d,<0.20,0.02,KXHIGHTMIN-26AUG11-T91,0.643066,holdout,60-69%,-10.0,10.0,Minneapolis|station_verified=True,v3.0,474,6F+
1.0,Denver,range,10-19pp,RESEARCH_ONLY,2026-08-12,Denver|2026-08-12|low,2-3d,0.60-0.79,0.76,KXLOWTDEN-26AUG11-B63.5,0.8677,holdout,80-89%,3.157895,10.0,Denver|station_verified=True,v3.0,475,6F+
1.0,Denver,threshold,10-19pp,RESEARCH_ONLY,2026-08-12,Denver|2026-08-12|low,2-3d,<0.20,0.05,KXLOWTDEN-26AUG11-T70,0.154656,holdout,10-19%,190.0,10.0,Denver|station_verified=True,v3.0,476,6F+
0.0,Houston,range,20pp+,RESEARCH_ONLY,2026-08-11,Houston|2026-08-11|low,0-1d,<0.20,0.16,KXLOWTHOU-26AUG10-B73.5,0.8893,validation,80-89%,-10.0,10.0,Houston|station_verified=True,v3.0,477,6F+
0.0,Houston,range,10-19pp,RESEARCH_ONLY,2026-08-11,Houston|2026-08-11|low,0-1d,<0.20,0.01,KXLOWTHOU-26AUG10-B75.5,0.127786,validation,10-19%,-10.0,10.0,Houston|station_verified=True,v3.0,478,6F+
1.0,Oklahoma City,range,10-19pp,RESEARCH_ONLY,2026-08-12,Oklahoma City|2026-08-12|low,2-3d,0.60-0.79,0.77,KXLOWTOKC-26AUG11-B72.5,0.914,holdout,90-100%,2.987013,10.0,Oklahoma City|station_verified=True,v3.0,479,6F+
1.0,Oklahoma City,range,20pp+,RESEARCH_ONLY,2026-08-12,Oklahoma City|2026-08-12|low,2-3d,0.40-0.59,0.51,KXLOWTOKC-26AUG11-B74.5,0.8893,holdout,80-89%,9.607843,10.0,Oklahoma City|station_verified=True,v3.0,480,6F+
0.0,Oklahoma City,range,10-19pp,RESEARCH_ONLY,2026-08-12,Oklahoma City|2026-08-12|low,2-3d,0.60-0.79,0.77,KXLOWTOKC-26AUG11-B76.5,0.8722,holdout,80-89%,-10.0,10.0,Oklahoma City|station_verified=True,v3.0,481,6F+
0.0,Oklahoma City,threshold,20pp+,RESEARCH_ONLY,2026-08-12,Oklahoma City|2026-08-12|low,2-3d,<0.20,0.05,KXLOWTOKC-26AUG11-T77,0.605137,holdout,60-69%,-10.0,10.0,Oklahoma City|station_verified=True,v3.0,482,6F+
0.0,Los Angeles,range,10-19pp,RESEARCH_ONLY,2026-08-11,Los Angeles|2026-08-11|low,0-1d,<0.20,0.01,KXLOWTLAX-26AUG10-B61.5,0.112901,validation,10-19%,-10.0,10.0,Los Angeles|station_verified=True,v3.0,483,6F+
0.0,Los Angeles,range,10-19pp,RESEARCH_ONLY,2026-08-12,Los Angeles|2026-08-12|low,0-1d,<0.20,0.02,KXLOWTLAX-26AUG11-B63.5,0.123839,holdout,10-19%,-10.0,10.0,Los Angeles|station_verified=True,v3.0,484,6F+
1.0,New York City,range,10-19pp,RESEARCH_ONLY,2026-08-12,New York City|2026-08-12|low,0-1d,0.60-0.79,0.75,KXLOWTNYC-26AUG11-B69.5,0.8728,holdout,80-89%,3.333333,10.0,New York City|station_verified=True,v3.0,485,6F+
0.0,Miami,range,10-19pp,RESEARCH_ONLY,2026-08-12,Miami|2026-08-12|high,0-1d,<0.20,0.01,KXHIGHMIA-26AUG11-B88.5,0.110746,holdout,10-19%,-10.0,10.0,Miami|station_verified=True,v3.0,486,6F+
0.0,Minneapolis,range,10-19pp,RESEARCH_ONLY,2026-08-11,Minneapolis|2026-08-11|high,0-1d,<0.20,0.01,KXHIGHTMIN-26AUG10-B89.5,0.132295,validation,10-19%,-10.0,10.0,Minneapolis|station_verified=True,v3.0,487,6F+
0.0,Dallas,range,10-19pp,RESEARCH_ONLY,2026-08-11,Dallas|2026-08-11|low,0-1d,<0.20,0.01,KXLOWTDAL-26AUG10-B73.5,0.113946,validation,10-19%,-10.0,10.0,Dallas|station_verified=True,v3.0,488,6F+
1.0,Houston,range,10-19pp,RESEARCH_ONLY,2026-08-12,Houston|2026-08-12|low,0-1d,0.60-0.79,0.73,KXLOWTHOU-26AUG11-B75.5,0.8698,holdout,80-89%,3.69863,10.0,Houston|station_verified=True,v3.0,489,6F+
0.0,Denver,range,10-19pp,RESEARCH_ONLY,2026-08-11,Denver|2026-08-11|low,0-1d,<0.20,0.01,KXLOWTDEN-26AUG10-B63.5,0.118831,validation,10-19%,-10.0,10.0,Denver|station_verified=True,v3.0,490,6F+
1.0,Dallas,range,10-19pp,RESEARCH_ONLY,2026-08-12,Dallas|2026-08-12|low,0-1d,0.60-0.79,0.75,KXLOWTDAL-26AUG11-B76.5,0.8769,validation,80-89%,3.333333,10.0,Dallas|station_verified=True,v3.0,491,6F+
0.0,Miami,range,10-19pp,RESEARCH_ONLY,2026-08-12,Miami|2026-08-12|high,0-1d,<0.20,0.01,KXHIGHMIA-26AUG11-B90.5,0.116949,holdout,10-19%,-10.0,10.0,Miami|station_verified=True,v3.0,492,6F+
0.0,Miami,range,20pp+,RESEARCH_ONLY,2026-08-13,Miami|2026-08-13|high,2-3d,0.40-0.59,0.42,KXHIGHMIA-26AUG12-B93.5,0.8683,holdout,80-89%,-10.0,10.0,Miami|station_verified=True,v3.0,493,6F+
1.0,Miami,range,10-19pp,RESEARCH_ONLY,2026-08-13,Miami|2026-08-13|high,2-3d,0.60-0.79,0.76,KXHIGHMIA-26AUG12-B95.5,0.8712,holdout,80-89%,3.157895,10.0,Miami|station_verified=True,v3.0,494,6F+
0.0,Miami,threshold,10-19pp,RESEARCH_ONLY,2026-08-13,Miami|2026-08-13|high,2-3d,<0.20,0.01,KXHIGHMIA-26AUG12-T89,0.175324,holdout,10-19%,-10.0,10.0,Miami|station_verified=True,v3.0,495,6F+
0.0,Miami,threshold,20pp+,RESEARCH_ONLY,2026-08-13,Miami|2026-08-13|high,2-3d,<0.20,0.04,KXHIGHMIA-26AUG12-T96,0.344578,holdout,30-39%,-10.0,10.0,Miami|station_verified=True,v3.0,496,6F+
1.0,Dallas,range,20pp+,RESEARCH_ONLY,2026-08-13,Dallas|2026-08-13|high,2-3d,0.40-0.59,0.5,KXHIGHTDAL-26AUG12-B100.5,0.9023,holdout,90-100%,10.0,10.0,Dallas|station_verified=True,v3.0,497,6F+
0.0,Dallas,range,20pp+,RESEARCH_ONLY,2026-08-13,Dallas|2026-08-13|high,2-3d,0.60-0.79,0.68,KXHIGHTDAL-26AUG12-B102.5,0.8803,holdout,80-89%,-10.0,10.0,Dallas|station_verified=True,v3.0,498,6F+
0.0,Dallas,threshold,20pp+,RESEARCH_ONLY,2026-08-13,Dallas|2026-08-13|high,2-3d,<0.20,0.02,KXHIGHTDAL-26AUG12-T105,0.546438,holdout,50-59%,-10.0,10.0,Dallas|station_verified=True,v3.0,499,6F+
1.0,Minneapolis,range,10-19pp,RESEARCH_ONLY,2026-08-12,Minneapolis|2026-08-12|high,0-1d,0.60-0.79,0.74,KXHIGHTMIN-26AUG11-B90.5,0.8734,holdout,80-89%,3.513514,10.0,Minneapolis|station_verified=True,v3.0,500,6F+
0.0,Minneapolis,range,10-19pp,RESEARCH_ONLY,2026-08-13,Minneapolis|2026-08-13|high,2-3d,0.60-0.79,0.68,KXHIGHTMIN-26AUG12-B88.5,0.8677,holdout,80-89%,-10.0,10.0,Minneapolis|station_verified=True,v3.0,501,6F+
0.0,Minneapolis,threshold,10-19pp,RESEARCH_ONLY,2026-08-13,Minneapolis|2026-08-13|high,2-3d,<0.20,0.06,KXHIGHTMIN-26AUG12-T84,0.247198,holdout,20-29%,-10.0,10.0,Minneapolis|station_verified=True,v3.0,502,6F+
0.0,Minneapolis,threshold,20pp+,RESEARCH_ONLY,2026-08-13,Minneapolis|2026-08-13|high,2-3d,<0.20,0.07,KXHIGHTMIN-26AUG12-T91,0.375748,holdout,30-39%,-10.0,10.0,Minneapolis|station_verified=True,v3.0,503,6F+
1.0,Dallas,range,10-19pp,RESEARCH_ONLY,2026-08-13,Dallas|2026-08-13|low,2-3d,0.60-0.79,0.76,KXLOWTDAL-26AUG12-B78.5,0.8785,holdout,80-89%,3.157895,10.0,Dallas|station_verified=True,v3.0,504,6F+
0.0,Dallas,range,20pp+,RESEARCH_ONLY,2026-08-13,Dallas|2026-08-13|low,2-3d,0.40-0.59,0.51,KXLOWTDAL-26AUG12-B80.5,0.8681,holdout,80-89%,-10.0,10.0,Dallas|station_verified=True,v3.0,505,6F+
0.0,Dallas,threshold,20pp+,RESEARCH_ONLY,2026-08-13,Dallas|2026-08-13|low,2-3d,0.20-0.39,0.21,KXLOWTDAL-26AUG12-T81,0.533207,holdout,50-59%,-10.0,10.0,Dallas|station_verified=True,v3.0,506,6F+
1.0,Denver,range,10-19pp,RESEARCH_ONLY,2026-08-13,Denver|2026-08-13|low,2-3d,0.60-0.79,0.75,KXLOWTDEN-26AUG12-B64.5,0.8717,holdout,80-89%,3.333333,10.0,Denver|station_verified=True,v3.0,507,6F+
0.0,Denver,range,20pp+,RESEARCH_ONLY,2026-08-13,Denver|2026-08-13|low,2-3d,0.60-0.79,0.66,KXLOWTDEN-26AUG12-B66.5,0.8882,holdout,80-89%,-10.0,10.0,Denver|station_verified=True,v3.0,508,6F+
0.0,Denver,threshold,20pp+,RESEARCH_ONLY,2026-08-13,Denver|2026-08-13|low,2-3d,<0.20,0.05,KXLOWTDEN-26AUG12-T62,0.466793,holdout,40-49%,-10.0,10.0,Denver|station_verified=True,v3.0,509,6F+
1.0,Houston,range,20pp+,RESEARCH_ONLY,2026-08-13,Houston|2026-08-13|low,2-3d,0.40-0.59,0.56,KXLOWTHOU-26AUG12-B77.5,0.8679,holdout,80-89%,7.857143,10.0,Houston|station_verified=True,v3.0,510,6F+
0.0,Houston,range,20pp+,RESEARCH_ONLY,2026-08-13,Houston|2026-08-13|low,2-3d,0.60-0.79,0.65,KXLOWTHOU-26AUG12-B79.5,0.8777,holdout,80-89%,-10.0,10.0,Houston|station_verified=True,v3.0,511,6F+
0.0,Houston,threshold,20pp+,RESEARCH_ONLY,2026-08-13,Houston|2026-08-13|low,2-3d,<0.20,0.04,KXLOWTHOU-26AUG12-T73,0.274253,holdout,20-29%,-10.0,10.0,Houston|station_verified=True,v3.0,512,6F+
0.0,Houston,threshold,10-19pp,RESEARCH_ONLY,2026-08-13,Houston|2026-08-13|low,2-3d,<0.20,0.15,KXLOWTHOU-26AUG12-T80,0.344578,holdout,30-39%,-10.0,10.0,Houston|station_verified=True,v3.0,513,6F+
0.0,New York City,range,20pp+,RESEARCH_ONLY,2026-08-13,New York City|2026-08-13|low,2-3d,0.60-0.79,0.6,KXLOWTNYC-26AUG12-B70.5,0.8677,holdout,80-89%,-10.0,10.0,New York City|station_verified=True,v3.0,514,6F+
1.0,New York City,range,10-19pp,RESEARCH_ONLY,2026-08-13,New York City|2026-08-13|low,2-3d,0.60-0.79,0.75,KXLOWTNYC-26AUG12-B72.5,0.8754,holdout,80-89%,3.333333,10.0,New York City|station_verified=True,v3.0,515,6F+
0.0,New York City,threshold,20pp+,RESEARCH_ONLY,2026-08-13,New York City|2026-08-13|low,2-3d,<0.20,0.03,KXLOWTNYC-26AUG12-T66,0.257846,holdout,20-29%,-10.0,10.0,New York City|station_verified=True,v3.0,516,6F+
0.0,New York City,threshold,20pp+,RESEARCH_ONLY,2026-08-13,New York City|2026-08-13|low,2-3d,<0.20,0.08,KXLOWTNYC-26AUG12-T73,0.363169,holdout,30-39%,-10.0,10.0,New York City|station_verified=True,v3.0,517,6F+
0.0,Dallas,threshold,10-19pp,RESEARCH_ONLY,2026-08-13,Dallas|2026-08-13|low,2-3d,<0.20,0.03,KXLOWTDAL-26AUG12-T74,0.13933,holdout,10-19%,-10.0,10.0,Dallas|station_verified=True,v3.0,518,6F+
0.0,Los Angeles,range,20pp+,RESEARCH_ONLY,2026-08-13,Los Angeles|2026-08-13|low,2-3d,0.60-0.79,0.64,KXLOWTLAX-26AUG12-B67.5,0.8688,holdout,80-89%,-10.0,10.0,Los Angeles|station_verified=True,v3.0,519,6F+
0.0,Los Angeles,threshold,10-19pp,RESEARCH_ONLY,2026-08-13,Los Angeles|2026-08-13|low,2-3d,<0.20,0.01,KXLOWTLAX-26AUG12-T61,0.193062,holdout,10-19%,-10.0,10.0,Los Angeles|station_verified=True,v3.0,520,6F+
0.0,Denver,range,20pp+,RESEARCH_ONLY,2026-08-26,Denver|2026-08-26|high,0-1d,<0.20,0.01,KXHIGHDEN-26AUG25-B85.5,0.9049,holdout,90-100%,-10.0,10.0,Denver|station_verified=True,v3.0,521,6F+
0.0,Denver,range,10-19pp,RESEARCH_ONLY,2026-08-26,Denver|2026-08-26|high,0-1d,<0.20,0.01,KXHIGHDEN-26AUG25-B87.5,0.117902,holdout,10-19%,-10.0,10.0,Denver|station_verified=True,v3.0,522,6F+
0.0,Denver,range,10-19pp,RESEARCH_ONLY,2026-08-26,Denver|2026-08-26|high,0-1d,<0.20,0.01,KXHIGHDEN-26AUG25-B89.5,0.1309,holdout,10-19%,-10.0,10.0,Denver|station_verified=True,v3.0,523,6F+
0.0,Denver,threshold,10-19pp,RESEARCH_ONLY,2026-08-26,Denver|2026-08-26|high,0-1d,<0.20,0.01,KXHIGHDEN-26AUG25-T83,0.125072,holdout,10-19%,-10.0,10.0,Denver|station_verified=True,v3.0,524,6F+
0.0,Denver,threshold,20pp+,RESEARCH_ONLY,2026-08-26,Denver|2026-08-26|high,0-1d,<0.20,0.01,KXHIGHDEN-26AUG25-T90,0.559618,holdout,50-59%,-10.0,10.0,Denver|station_verified=True,v3.0,525,6F+
0.0,Dallas,range,10-19pp,RESEARCH_ONLY,2026-08-26,Dallas|2026-08-26|high,0-1d,<0.20,0.01,KXHIGHTDAL-26AUG25-B103.5,0.131714,holdout,10-19%,-10.0,10.0,Dallas|station_verified=True,v3.0,532,6F+
0.0,Dallas,range,10-19pp,RESEARCH_ONLY,2026-08-26,Dallas|2026-08-26|high,0-1d,<0.20,0.01,KXHIGHTDAL-26AUG25-B105.5,0.12061,holdout,10-19%,-10.0,10.0,Dallas|station_verified=True,v3.0,533,6F+
0.0,Dallas,threshold,20pp+,RESEARCH_ONLY,2026-08-26,Dallas|2026-08-26|high,0-1d,<0.20,0.01,KXHIGHTDAL-26AUG25-T103,0.4602,holdout,40-49%,-10.0,10.0,Dallas|station_verified=True,v3.0,534,6F+
0.0,Dallas,threshold,10-19pp,RESEARCH_ONLY,2026-08-26,Dallas|2026-08-26|high,0-1d,<0.20,0.01,KXHIGHTDAL-26AUG25-T110,0.135666,holdout,10-19%,-10.0,10.0,Dallas|station_verified=True,v3.0,535,6F+
0.0,Minneapolis,range,10-19pp,RESEARCH_ONLY,2026-08-26,Minneapolis|2026-08-26|high,0-1d,<0.20,0.01,KXHIGHTMIN-26AUG25-B83.5,0.12061,holdout,10-19%,-10.0,10.0,Minneapolis|station_verified=True,v3.0,540,6F+
0.0,Minneapolis,threshold,20pp+,RESEARCH_ONLY,2026-08-26,Minneapolis|2026-08-26|high,0-1d,<0.20,0.01,KXHIGHTMIN-26AUG25-T83,0.3324,holdout,30-39%,-10.0,10.0,Minneapolis|station_verified=True,v3.0,541,6F+
0.0,Dallas,range,20pp+,RESEARCH_ONLY,2026-08-26,Dallas|2026-08-26|low,0-1d,<0.20,0.01,KXLOWTDAL-26AUG25-B82.5,0.8679,holdout,80-89%,-10.0,10.0,Dallas|station_verified=True,v3.0,546,6F+
0.0,Dallas,range,10-19pp,RESEARCH_ONLY,2026-08-26,Dallas|2026-08-26|low,0-1d,<0.20,0.01,KXLOWTDAL-26AUG25-B84.5,0.127786,holdout,10-19%,-10.0,10.0,Dallas|station_verified=True,v3.0,547,6F+
0.0,Dallas,threshold,20pp+,RESEARCH_ONLY,2026-08-26,Dallas|2026-08-26|low,0-1d,<0.20,0.01,KXLOWTDAL-26AUG25-T78,0.231678,holdout,20-29%,-10.0,10.0,Dallas|station_verified=True,v3.0,548,6F+
0.0,Dallas,threshold,20pp+,RESEARCH_ONLY,2026-08-26,Dallas|2026-08-26|low,0-1d,<0.20,0.01,KXLOWTDAL-26AUG25-T85,0.394863,holdout,30-39%,-10.0,10.0,Dallas|station_verified=True,v3.0,549,6F+
0.0,Denver,range,20pp+,RESEARCH_ONLY,2026-08-26,Denver|2026-08-26|low,0-1d,<0.20,0.12,KXLOWTDEN-26AUG25-B59.5,0.8679,holdout,80-89%,-10.0,10.0,Denver|station_verified=True,v3.0,552,6F+
0.0,Denver,range,10-19pp,RESEARCH_ONLY,2026-08-26,Denver|2026-08-26|low,0-1d,<0.20,0.01,KXLOWTDEN-26AUG25-B61.5,0.122281,holdout,10-19%,-10.0,10.0,Denver|station_verified=True,v3.0,553,6F+
0.0,Denver,threshold,20pp+,RESEARCH_ONLY,2026-08-26,Denver|2026-08-26|low,0-1d,<0.20,0.02,KXLOWTDEN-26AUG25-T57,0.394863,holdout,30-39%,-10.0,10.0,Denver|station_verified=True,v3.0,554,6F+
0.0,Denver,threshold,20pp+,RESEARCH_ONLY,2026-08-26,Denver|2026-08-26|low,0-1d,<0.20,0.01,KXLOWTDEN-26AUG25-T64,0.231678,holdout,20-29%,-10.0,10.0,Denver|station_verified=True,v3.0,555,6F+
0.0,Houston,range,10-19pp,RESEARCH_ONLY,2026-08-26,Houston|2026-08-26|low,0-1d,<0.20,0.01,KXLOWTHOU-26AUG25-B73.5,0.110746,holdout,10-19%,-10.0,10.0,Houston|station_verified=True,v3.0,559,6F+
0.0,Houston,range,10-19pp,RESEARCH_ONLY,2026-08-26,Houston|2026-08-26|low,0-1d,<0.20,0.01,KXLOWTHOU-26AUG25-B75.5,0.127786,holdout,10-19%,-10.0,10.0,Houston|station_verified=True,v3.0,560,6F+
0.0,Houston,range,20pp+,RESEARCH_ONLY,2026-08-26,Houston|2026-08-26|low,0-1d,<0.20,0.02,KXLOWTHOU-26AUG25-B79.5,0.8777,holdout,80-89%,-10.0,10.0,Houston|station_verified=True,v3.0,561,6F+
0.0,Houston,threshold,20pp+,RESEARCH_ONLY,2026-08-26,Houston|2026-08-26|low,0-1d,<0.20,0.01,KXLOWTHOU-26AUG25-T73,0.274253,holdout,20-29%,-10.0,10.0,Houston|station_verified=True,v3.0,562,6F+
0.0,Houston,threshold,20pp+,RESEARCH_ONLY,2026-08-26,Houston|2026-08-26|low,0-1d,<0.20,0.01,KXLOWTHOU-26AUG25-T80,0.344578,holdout,30-39%,-10.0,10.0,Houston|station_verified=True,v3.0,563,6F+
0.0,Los Angeles,range,10-19pp,RESEARCH_ONLY,2026-08-26,Los Angeles|2026-08-26|low,0-1d,<0.20,0.01,KXLOWTLAX-26AUG25-B66.5,0.130182,holdout,10-19%,-10.0,10.0,Los Angeles|station_verified=True,v3.0,567,6F+
0.0,Los Angeles,range,20pp+,RESEARCH_ONLY,2026-08-26,Los Angeles|2026-08-26|low,0-1d,<0.20,0.02,KXLOWTLAX-26AUG25-B70.5,0.9075,holdout,90-100%,-10.0,10.0,Los Angeles|station_verified=True,v3.0,568,6F+
0.0,Los Angeles,threshold,20pp+,RESEARCH_ONLY,2026-08-26,Los Angeles|2026-08-26|low,0-1d,<0.20,0.01,KXLOWTLAX-26AUG25-T66,0.572732,holdout,50-59%,-10.0,10.0,Los Angeles|station_verified=True,v3.0,569,6F+
0.0,Los Angeles,threshold,10-19pp,RESEARCH_ONLY,2026-08-26,Los Angeles|2026-08-26|low,0-1d,<0.20,0.01,KXLOWTLAX-26AUG25-T73,0.118339,holdout,10-19%,-10.0,10.0,Los Angeles|station_verified=True,v3.0,570,6F+
0.0,Oklahoma City,range,20pp+,RESEARCH_ONLY,2026-08-26,Oklahoma City|2026-08-26|low,0-1d,<0.20,0.05,KXLOWTOKC-26AUG25-B73.5,0.8974,holdout,80-89%,-10.0,10.0,Oklahoma City|station_verified=True,v3.0,579,6F+
0.0,Oklahoma City,range,10-19pp,RESEARCH_ONLY,2026-08-26,Oklahoma City|2026-08-26|low,0-1d,<0.20,0.01,KXLOWTOKC-26AUG25-B75.5,0.123074,holdout,10-19%,-10.0,10.0,Oklahoma City|station_verified=True,v3.0,580,6F+
0.0,Oklahoma City,threshold,20pp+,RESEARCH_ONLY,2026-08-26,Oklahoma City|2026-08-26|low,0-1d,<0.20,0.01,KXLOWTOKC-26AUG25-T76,0.649264,holdout,60-69%,-10.0,10.0,Oklahoma City|station_verified=True,v3.0,581,6F+
0.0,Minneapolis,range,10-19pp,RESEARCH_ONLY,2026-08-26,Minneapolis|2026-08-26|high,0-1d,<0.20,0.01,KXHIGHTMIN-26AUG25-B85.5,0.117902,holdout,10-19%,-10.0,10.0,Minneapolis|station_verified=True,v3.0,585,6F+
0.0,Minneapolis,threshold,10-19pp,RESEARCH_ONLY,2026-08-26,Minneapolis|2026-08-26|high,0-1d,<0.20,0.01,KXHIGHTMIN-26AUG25-T90,0.125072,holdout,10-19%,-10.0,10.0,Minneapolis|station_verified=True,v3.0,586,6F+
0.0,Los Angeles,range,10-19pp,RESEARCH_ONLY,2026-08-26,Los Angeles|2026-08-26|low,0-1d,<0.20,0.03,KXLOWTLAX-26AUG25-B68.5,0.132295,holdout,10-19%,-10.0,10.0,Los Angeles|station_verified=True,v3.0,622,6F+
0.0,Denver,range,10-19pp,RESEARCH_ONLY,2026-08-26,Denver|2026-08-26|high,0-1d,<0.20,0.01,KXHIGHDEN-26AUG25-B83.5,0.123074,holdout,10-19%,-10.0,10.0,Denver|station_verified=True,v3.0,639,6F+
